MeshVersionFormatted 2

Dimension
3

Vertices
1982
0.49181399999999997 0.357873 0.79375499999999999 0 
-0.185247 0.57696800000000004 0.79548200000000002 0 
-0.60597400000000001 0.0021127400000000001 0.79548200000000002 0 
-0.18926200000000001 -0.57566200000000001 0.79548300000000005 0 
0.489311 -0.355541 0.79634499999999997 0 
0.18687999999999999 0.57524799999999998 -0.79634499999999997 0 
-0.49239300000000003 0.35579 -0.79433200000000004 0 
-0.490535 -0.358348 -0.79433200000000004 0 
0.189225 -0.57726200000000005 -0.79433200000000004 0 
0.60823799999999995 -0.00044423299999999999 -0.79375499999999999 0 
0.79328600000000005 0.57942199999999999 0.186998 0 
0.30111700000000002 0.93486599999999997 -0.188027 0 
-0.30497600000000002 0.93331500000000001 0.18950800000000001 0 
-0.79596900000000004 0.57612399999999997 -0.185778 0 
-0.98187800000000003 -0.0016390899999999999 0.18950800000000001 0 
-0.79389500000000002 -0.57898000000000005 -0.185778 0 
-0.30185800000000002 -0.93432800000000005 0.18950800000000001 0 
0.305315 -0.93395300000000003 -0.185778 0 
0.795319 -0.57580699999999996 0.18950800000000001 0 
0.98258999999999996 0.0017648 -0.185778 0 
0.00056924899999999997 0.00022219300000000001 1 0 
0.00059097700000000002 0.000154955 -1 0 
0.27662700000000001 0.85031100000000004 0.44771499999999997 0 
-0.72327600000000003 0.52584399999999998 0.44761600000000001 0 
-0.72361200000000003 -0.52538200000000002 0.44761600000000001 0 
0.276059 -0.85054799999999997 0.44761600000000001 0 
0.89425299999999996 -0.00043127299999999998 0.44756200000000002 0 
-0.27650400000000003 0.85031199999999996 -0.44779000000000002 0 
-0.89412599999999998 -0.000268137 -0.44781500000000002 0 
-0.27604499999999998 -0.85044699999999995 -0.44781500000000002 0 
0.72352099999999997 -0.52533700000000005 -0.44781500000000002 0 
0.72324900000000003 0.52585700000000002 -0.44764300000000001 0 
0.256714 -0.14948400000000001 0.95476300000000003 0 
0.52477499999999999 0.0045935799999999999 0.85122799999999998 0 
0.22048499999999999 0.20003199999999999 0.95456600000000003 0 
0.119822 0.27182800000000001 -0.95476300000000003 0 
0.42725200000000002 0.30473899999999998 -0.85122799999999998 0 
0.29595100000000002 -0.032231900000000001 -0.95456600000000003 0 
0.083262600000000006 0.75005299999999997 0.65599200000000002 0 
0.16750000000000001 0.49973899999999999 0.84982599999999997 0 
0.420045 0.65613299999999997 0.62680400000000003 0 
-0.68761399999999995 0.310969 0.65599099999999999 0 
-0.42335099999999998 0.313193 0.85010799999999997 0 
-0.49335699999999999 0.60572400000000004 0.624116 0 
-0.50823300000000005 -0.55786500000000006 0.65599099999999999 0 
-0.42868699999999998 -0.30584899999999998 0.85010799999999997 0 
-0.72853299999999999 -0.28203099999999998 0.624116 0 
0.37350499999999998 -0.65574100000000002 0.65600000000000003 0 
0.15829599999999999 -0.50214599999999998 0.85017200000000004 0 
0.043098200000000003 -0.78002800000000005 0.624116 0 
0.73801700000000003 0.14590400000000001 0.65867900000000001 0 
0.75691600000000003 -0.201853 0.62139699999999998 0 
-0.0832595 0.75004499999999996 -0.65600199999999997 0 
-0.16703299999999999 0.49927700000000003 -0.85019 0 
-0.42004599999999997 0.65613999999999995 -0.62679499999999999 0 
-0.73914500000000005 0.14949899999999999 -0.65660799999999997 0 
-0.52655700000000005 -0.00446402 -0.85012799999999999 0 
-0.75382899999999997 -0.19673299999999999 -0.62679300000000004 0 
-0.370591 -0.65677099999999999 -0.65660799999999997 0 
-0.15847 -0.50216499999999997 -0.85012799999999999 0 
-0.045841399999999997 -0.77772699999999995 -0.62679300000000004 0 
0.51010800000000001 -0.55540599999999996 -0.65660799999999997 0 
0.42923299999999998 -0.30586200000000002 -0.84982800000000003 0 
0.72549200000000003 -0.28392499999999998 -0.62680100000000005 0 
0.68282699999999996 0.31575500000000001 -0.65868099999999996 0 
0.49371300000000001 0.60820700000000005 -0.62139599999999995 0 
-0.124845 0.26919100000000001 0.95485699999999996 0 
-0.29457100000000003 -0.035555099999999999 0.95486400000000005 0 
-0.057156600000000002 -0.29116999999999998 0.95485900000000001 0 
0.0572024 -0.29116999999999998 -0.95485600000000004 0 
-0.25922600000000001 -0.14436199999999999 -0.95486300000000002 0 
-0.21738199999999999 0.201984 -0.95485600000000004 0 
0.68954599999999999 0.50221099999999996 0.52183299999999999 0 
0.540126 0.77769600000000005 0.321378 0 
0.58416100000000004 0.81163700000000005 -0.0014475 0 
0.27842600000000001 0.94664700000000002 0.16177 0 
-0.0033168 0.99998900000000002 0.0033606700000000001 0 
-0.0034559500000000002 0.92949000000000004 0.36860199999999999 0 
-0.26037399999999999 0.80710800000000005 0.52988800000000003 0 
-0.57519699999999996 0.75305800000000001 0.319162 0 
-0.59138100000000005 0.80639099999999997 -0.0014049500000000001 0 
-0.81427099999999997 0.55733600000000005 0.161773 0 
-0.95206400000000002 0.30587999999999999 0.0033534799999999998 0 
-0.88506600000000002 0.283941 0.36860199999999999 0 
-0.84806599999999999 0.00177962 0.52988800000000003 0 
-0.89394600000000002 -0.31433699999999998 0.319162 0 
-0.94967000000000001 -0.31324800000000003 -0.00140496 0 
-0.78168099999999996 -0.60219199999999995 0.161773 0 
-0.58511299999999999 -0.81094500000000003 0.0033534799999999998 0 
-0.54354499999999994 -0.75400500000000004 0.36860199999999999 0 
-0.26375900000000002 -0.80600899999999998 0.52988800000000003 0 
0.0227073 -0.94732899999999998 0.319162 0 
0.0044527500000000001 -0.99998900000000002 -0.0014049500000000001 0 
0.33116499999999999 -0.92951099999999998 0.161773 0 
0.590445 -0.80707099999999998 0.0033534799999999998 0 
0.54913699999999999 -0.749942 0.36860199999999999 0 
0.68507499999999999 -0.499913 0.52986699999999998 0 
0.90798000000000001 -0.27114899999999997 0.31915900000000003 0 
0.95242199999999999 -0.30477900000000002 -0.0014049500000000001 0 
0.98635300000000004 0.027722699999999999 0.161775 0 
0.950017 0.31218000000000001 0.0034156299999999998 0 
0.88093699999999997 0.29164400000000001 0.37245 0 
-0.68956399999999995 0.50226700000000002 -0.52175700000000003 0 
-0.53913900000000003 0.77992300000000003 -0.31760699999999997 0 
-0.27080900000000002 0.948542 -0.16350000000000001 0 
0.0035987300000000001 0.928207 -0.37179400000000001 0 
0.26038099999999997 0.80715800000000004 -0.52981 0 
-0.69077100000000002 -0.50060499999999997 -0.52175700000000003 0 
-0.90835399999999999 -0.27174300000000001 -0.31760699999999997 0 
-0.98580199999999996 0.035561200000000001 -0.16350200000000001 0 
-0.87961400000000001 0.29120499999999999 -0.37587300000000001 0 
0.26264399999999999 -0.81165799999999999 -0.52175700000000003 0 
-0.022254099999999999 -0.94786899999999996 -0.31760699999999997 0 
-0.33844999999999997 -0.92656400000000005 -0.16350200000000001 0 
-0.54876800000000003 -0.74657600000000002 -0.37587300000000001 0 
0.85307599999999995 -0.00102413 -0.52178500000000005 0 
0.89459999999999995 -0.31407200000000002 -0.31760699999999997 0 
0.77662799999999999 -0.608209 -0.16350200000000001 0 
0.54045699999999997 -0.75261400000000001 -0.37587300000000001 0 
0.57784899999999995 0.75263800000000003 -0.315326 0 
0.81842099999999995 0.55068300000000003 -0.163518 0 
0.88278500000000004 0.28144000000000002 -0.37587700000000002 0 
0.39232600000000001 -0.135659 0.90976299999999999 0 
0.39163199999999998 0.089877499999999999 0.91571999999999998 0 
0.23644000000000001 -0.016311200000000001 0.97145899999999996 0 
0.23766000000000001 0.34035399999999999 -0.90976299999999999 0 
0.36966500000000002 0.15748300000000001 -0.91571999999999998 0 
0.181697 0.152172 -0.97145899999999996 0 
0.067695400000000003 0.64894700000000005 0.75780999999999998 0 
0.28386800000000001 0.58442000000000005 0.76017699999999999 0 
0.220029 0.73083900000000002 0.64603699999999997 0 
-0.59626900000000005 0.26493499999999998 0.757803 0 
-0.468053 0.45114700000000002 0.75986200000000004 0 
-0.62708799999999998 0.43516199999999999 0.64598599999999995 0 
-0.43622499999999997 -0.48521599999999998 0.757803 0 
-0.57370299999999996 -0.30573299999999998 0.75986200000000004 0 
-0.60764399999999996 -0.46192299999999997 0.64598599999999995 0 
0.32661099999999998 -0.56474599999999997 0.75787800000000005 0 
0.113479 -0.64009400000000005 0.75986799999999999 0 
0.25154300000000002 -0.72064600000000001 0.64598599999999995 0 
0.61960199999999999 0.108114 0.77743799999999996 0 
0.663381 -0.106778 0.74061500000000002 0 
0.764629 0.0136778 0.644258 0 
-0.067699700000000002 0.64886100000000002 -0.757884 0 
-0.283854 0.58442400000000005 -0.76017900000000005 0 
-0.220028 0.73084000000000005 -0.64603699999999997 0 
-0.63817699999999999 0.13572999999999999 -0.757826 0 
-0.64354699999999998 -0.089395299999999997 -0.76016600000000001 0 
-0.76311499999999999 0.016352800000000001 -0.64598100000000003 0 
-0.32629399999999997 -0.56499900000000003 -0.75782499999999997 0 
-0.113847 -0.63967399999999996 -0.76016600000000001 0 
-0.25136799999999998 -0.72071200000000002 -0.64598100000000003 0 
0.43651499999999999 -0.48491800000000002 -0.757826 0 
0.57319100000000001 -0.305925 -0.76017000000000001 0 
0.607761 -0.46177600000000002 -0.64598199999999995 0 
0.56481599999999998 0.27672600000000003 -0.77743799999999996 0 
0.47392400000000001 0.47631099999999998 -0.74061500000000002 0 
0.62663800000000003 0.43837199999999998 -0.644258 0 
0.231373 0.364261 0.90210000000000001 0 
0.011291600000000001 0.38051699999999999 0.92469800000000002 0 
0.085940600000000006 0.21884300000000001 0.97192299999999998 0 
-0.27535900000000002 0.33222000000000002 0.902115 0 
-0.358427 0.128304 0.92469199999999996 0 
-0.181557 0.14931800000000001 0.97193300000000005 0 
-0.40104899999999999 -0.159221 0.90211600000000003 0 
-0.23277700000000001 -0.30123899999999998 0.92469299999999999 0 
-0.19800100000000001 -0.12657299999999999 0.97194999999999998 0 
0.0274316 -0.43061100000000002 0.90212300000000001 0 
0.21357300000000001 -0.31555800000000001 0.92455200000000004 0 
0.059361299999999999 -0.22784499999999999 0.97184199999999998 0 
0.40128399999999997 -0.15870000000000001 -0.90210299999999999 0 
0.232735 -0.30124899999999999 -0.92469999999999997 0 
0.198155 -0.12653600000000001 -0.97192299999999998 0 
-0.027581399999999999 -0.43063600000000002 -0.90210699999999999 0 
-0.21462100000000001 -0.31443199999999999 -0.92469299999999999 0 
-0.059121100000000003 -0.22751399999999999 -0.97193300000000005 0 
-0.41808099999999998 -0.10684100000000001 -0.90210699999999999 0 
-0.36536000000000002 0.106959 -0.92469400000000002 0 
-0.23458200000000001 -0.013976499999999999 -0.97195100000000001 0 
-0.23086599999999999 0.36454900000000001 -0.90211399999999997 0 
-0.0126935 0.38082899999999997 -0.92455100000000001 0 
-0.085899199999999995 0.219223 -0.97184199999999998 0 
0.53171800000000002 0.56550900000000004 0.63044999999999995 0 
0.62895000000000001 0.639706 0.44180900000000001 0 
0.46551100000000001 0.72033800000000003 0.51411700000000005 0 
0.607491 0.77012199999999997 0.19457199999999999 0 
0.45452100000000001 0.88724400000000003 0.078774999999999998 0 
0.43891599999999997 0.85634299999999997 0.27190199999999998 0 
0.19133 0.980128 0.052292600000000002 0 
0.00167376 0.98495500000000002 0.17279600000000001 0 
0.176842 0.95076499999999997 0.25431300000000001 0 
-0.141623 0.905416 0.40019500000000002 0 
-0.103573 0.79813999999999996 0.593499 0 
0.041195799999999998 0.87305699999999997 0.48577500000000001 0 
-0.35472900000000002 0.70820700000000003 0.61042099999999999 0 
-0.44037999999999999 0.79130199999999995 0.42414000000000002 0 
-0.54347299999999998 0.66545699999999997 0.51158199999999998 0 
-0.54535800000000001 0.81537999999999999 0.194249 0 
-0.70334799999999997 0.70646500000000001 0.078783400000000003 0 
-0.67862500000000003 0.68230199999999996 0.27172499999999999 0 
-0.87300500000000003 0.48488900000000001 0.052309700000000001 0 
-0.93623000000000001 0.30596099999999998 0.17279600000000001 0 
-0.84958400000000001 0.46199000000000001 0.25431199999999998 0 
-0.90486599999999995 0.145097 0.40019500000000002 0 
-0.79108199999999995 0.14813499999999999 0.593499 0 
-0.81759700000000002 0.30896899999999999 0.48577399999999998 0 
-0.78316200000000002 -0.118519 0.61042099999999999 0 
-0.88865799999999995 -0.17430100000000001 0.42414000000000002 0 
-0.80083000000000004 -0.31123600000000001 0.51158199999999998 0 
-0.94399699999999998 -0.26669999999999999 0.194249 0 
-0.88923399999999997 -0.45061400000000001 0.078783400000000003 0 
-0.85861399999999999 -0.43456800000000001 0.27172499999999999 0 
-0.730931 -0.68043799999999999 0.052309700000000001 0 
-0.58029699999999995 -0.79586100000000004 0.17279600000000001 0 
-0.70191400000000004 -0.66524000000000005 0.25431199999999998 0 
-0.41761500000000001 -0.81574100000000005 0.40019500000000002 0 
-0.38534299999999999 -0.70658799999999999 0.593499 0 
-0.54649800000000004 -0.68210400000000004 0.48577399999999998 0 
-0.12929199999999999 -0.78145600000000004 0.61042200000000002 0 
-0.10884000000000001 -0.89902499999999996 0.42414000000000002 0 
0.048532899999999997 -0.85781099999999999 0.51158199999999998 0 
-0.038064300000000002 -0.980209 0.194249 0 
0.15377099999999999 -0.98495900000000003 0.078783400000000003 0 
0.14797199999999999 -0.95087900000000003 0.27172499999999999 0 
0.421265 -0.90542299999999998 0.052309700000000001 0 
0.57758699999999996 -0.79783000000000004 0.17279600000000001 0 
0.41577700000000001 -0.87312999999999996 0.25431199999999998 0 
0.64676599999999995 -0.64925100000000002 0.400198 0 
0.552925 -0.58479400000000004 0.59353800000000001 0 
0.47984300000000002 -0.73053100000000004 0.48577700000000001 0 
0.70370699999999997 -0.36468600000000001 0.60975800000000002 0 
0.82139099999999998 -0.38135799999999997 0.42411100000000002 0 
0.83086400000000005 -0.219 0.51148400000000005 0 
0.92047199999999996 -0.33910299999999999 0.194249 0 
0.98426999999999998 -0.15812499999999999 0.078783500000000006 0 
0.95006599999999997 -0.153109 0.27172400000000002 0 
0.99128499999999997 0.120862 0.0523309 0 
0.93706500000000004 0.30302000000000001 0.17344899999999999 0 
0.95885799999999999 0.12561900000000001 0.25438899999999998 0 
0.79473899999999997 0.43100699999999997 0.42734899999999998 0 
0.73133700000000001 0.31417 0.60533499999999996 0 
0.84275900000000004 0.22772300000000001 0.48766100000000001 0 
-0.53173999999999999 0.56553900000000001 -0.63040499999999999 0 
-0.62890599999999997 0.64017100000000005 -0.44119900000000001 0 
-0.46548400000000001 0.72039399999999998 -0.51406200000000002 0 
-0.60396499999999997 0.78133900000000001 -0.15729000000000001 0 
-0.42721599999999998 0.89937500000000004 -0.092721700000000004 0 
-0.435805 0.857792 -0.27235500000000001 0 
-0.153257 0.98718600000000001 -0.044512900000000001 0 
-0.0010944100000000001 0.97891700000000004 -0.20422699999999999 0 
-0.17561599999999999 0.95014900000000002 -0.257465 0 
0.141372 0.90514799999999995 -0.40089000000000002 0 
0.103593 0.79809699999999995 -0.59355400000000003 0 
-0.040874099999999997 0.87312199999999995 -0.48568499999999998 0 
-0.70217600000000002 -0.33095400000000003 -0.63040499999999999 0 
-0.80318100000000003 -0.40030199999999999 -0.44119799999999998 0 
-0.82897699999999996 -0.22008800000000001 -0.51406200000000002 0 
-0.92973300000000003 -0.33295799999999998 -0.15729000000000001 0 
-0.98737399999999997 -0.128385 -0.092721700000000004 0 
-0.95047999999999999 -0.14940300000000001 -0.27235500000000001 0 
-0.98622699999999996 0.159305 -0.0445254 0 
-0.93117000000000005 0.30132500000000001 -0.20521400000000001 0 
-0.95788899999999999 0.126579 -0.25756299999999999 0 
-0.79458799999999996 0.43073800000000001 -0.4279 0 
-0.73134900000000003 0.31564799999999998 -0.60455099999999995 0 
-0.84268900000000002 0.227853 -0.48772100000000002 0 
0.097771499999999997 -0.77007899999999996 -0.63040499999999999 0 
0.13251299999999999 -0.88756999999999997 -0.44119799999999998 0 
-0.046851499999999997 -0.85641599999999996 -0.51406200000000002 0 
0.029358800000000001 -0.98711800000000005 -0.15729000000000001 0 
-0.18301400000000001 -0.97872199999999998 -0.092721700000000004 0 
-0.15162300000000001 -0.95012799999999997 -0.27235500000000001 0 
-0.45626899999999998 -0.88872899999999999 -0.0445254 0 
-0.57432499999999997 -0.79248099999999999 -0.20521400000000001 0 
-0.41638799999999998 -0.87189099999999997 -0.25756299999999999 0 
-0.65519700000000003 -0.62259299999999995 -0.4279 0 
-0.52619800000000005 -0.59801400000000005 -0.60455099999999995 0 
-0.47710599999999997 -0.73103399999999996 -0.48772100000000002 0 
0.76257699999999995 -0.144985 -0.63043499999999997 0 
0.885077 -0.14824599999999999 -0.44120199999999998 0 
0.80002099999999998 -0.30920500000000001 -0.51406300000000005 0 
0.947878 -0.27711400000000003 -0.15729000000000001 0 
0.87426499999999996 -0.47649799999999998 -0.092721700000000004 0 
0.85677199999999998 -0.43780799999999997 -0.27235500000000001 0 
0.704237 -0.70857000000000003 -0.0445254 0 
0.57621800000000001 -0.79110499999999995 -0.20521400000000001 0 
0.70054700000000003 -0.66543799999999997 -0.25756299999999999 0 
0.389654 -0.81552100000000005 -0.4279 0 
0.40614099999999997 -0.68524099999999999 -0.60455099999999995 0 
0.547821 -0.67965699999999996 -0.48772100000000002 0 
0.35496699999999998 0.708677 -0.60973699999999997 0 
0.44113799999999997 0.79119700000000004 -0.42354799999999998 0 
0.54353799999999997 0.66552599999999995 -0.51142299999999996 0 
0.55702399999999996 0.815527 -0.15698500000000001 0 
0.72333700000000001 0.68421900000000002 -0.092821100000000004 0 
0.68121500000000001 0.67950900000000003 -0.27226099999999998 0 
0.89146400000000003 0.45089800000000002 -0.044571699999999999 0 
0.93044499999999997 0.30355599999999999 -0.20521400000000001 0 
0.84935000000000005 0.46062999999999998 -0.25756099999999998 0 
0.89599099999999998 0.118616 -0.42794199999999999 0 
0.77631099999999997 0.17568600000000001 -0.60536199999999996 0 
0.81560299999999997 0.31109199999999998 -0.48777799999999999 0 
0.14010900000000001 -0.10592699999999999 0.98446400000000001 0 
0.14399899999999999 0.10023899999999999 0.98449799999999998 0 
0.52160600000000001 -0.14386399999999999 0.84098399999999995 0 
0.37204199999999998 -0.27447199999999999 0.88670199999999999 0 
0.37480200000000002 0.274316 0.88558899999999996 0 
0.51532699999999998 0.184808 0.83682699999999999 0 
0.051088399999999999 0.16805 -0.98446400000000001 0 
0.17541599999999999 0.0035453899999999998 -0.98449799999999998 0 
0.33742699999999998 0.422981 -0.84098399999999995 0 
0.139658 0.44073400000000001 -0.88670199999999999 0 
0.46445999999999998 -0.00162301 -0.88558899999999996 0 
0.525536 0.153389 -0.83682699999999999 0 
0.15109900000000001 0.81098199999999998 0.56524099999999999 0 
0.34731299999999998 0.74497800000000003 0.56956300000000004 0 
0.023453700000000001 0.53769999999999996 0.84282500000000005 0 
-0.069469400000000001 0.68000700000000003 0.72990200000000005 0 
0.45014599999999999 0.5091 0.73360700000000001 0 
0.33536300000000002 0.43509300000000001 0.83559700000000003 0 
-0.724603 0.39431500000000003 0.56523199999999996 0 
-0.60137499999999999 0.56081099999999995 0.56908599999999998 0 
-0.50412599999999996 0.18843199999999999 0.84283799999999998 0 
-0.66819300000000004 0.144066 0.72990100000000002 0 
-0.34367500000000001 0.58903300000000003 0.73138300000000001 0 
-0.30990899999999999 0.45332299999999998 0.83573399999999998 0 
-0.59892999999999996 -0.56728900000000004 0.56523199999999996 0 
-0.71919900000000003 -0.398642 0.56908599999999998 0 
-0.33499200000000001 -0.42122399999999999 0.84283799999999998 0 
-0.34349800000000003 -0.59097 0.72990200000000005 0 
-0.66640500000000003 -0.14483299999999999 0.73138300000000001 0 
-0.52690300000000001 -0.15465699999999999 0.83573399999999998 0 
0.35444399999999998 -0.74491799999999997 0.56523299999999999 0 
0.156886 -0.80718599999999996 0.56908599999999998 0 
0.29655900000000002 -0.44846599999999998 0.84318199999999999 0 
0.45587899999999998 -0.50900299999999998 0.73012600000000005 0 
-0.068186700000000003 -0.67854499999999995 0.73138300000000001 0 
-0.015737299999999999 -0.54890499999999998 0.83573500000000001 0 
0.81798400000000004 0.105392 0.56552000000000002 0 
0.81659199999999998 -0.100965 0.56833299999999998 0 
0.62417699999999998 0.26938899999999999 0.73336500000000004 0 
0.62710900000000003 -0.27434999999999998 0.72901099999999996 0 
-0.15107799999999999 0.81098000000000003 -0.56525099999999995 0 
-0.34731000000000001 0.74498200000000003 -0.56955999999999996 0 
-0.0236753 0.53712800000000005 -0.84318300000000002 0 
0.069630200000000003 0.67974999999999997 -0.73012600000000005 0 
-0.45022000000000001 0.50908100000000001 -0.73357399999999995 0 
-0.335202 0.43497200000000003 -0.83572500000000005 0 
-0.81786499999999995 0.105929 -0.56559300000000001 0 
-0.81584500000000004 -0.100119 -0.56955599999999995 0 
-0.51861800000000002 0.14405599999999999 -0.84279800000000005 0 
-0.626363 0.27464899999999998 -0.72953999999999997 0 
-0.62329100000000004 -0.27087099999999997 -0.73357300000000003 0 
-0.51726899999999998 -0.18437999999999999 -0.83572299999999999 0 
-0.35347800000000001 -0.74510200000000004 -0.56559300000000001 0 
-0.156891 -0.80685300000000004 -0.56955599999999995 0 
-0.297267 -0.44871899999999998 -0.84279800000000005 0 
-0.454764 -0.51083500000000004 -0.72953999999999997 0 
0.065005999999999994 -0.67648900000000001 -0.73357300000000003 0 
0.015510899999999999 -0.54892799999999997 -0.83572299999999999 0 
0.59940300000000002 -0.56642700000000001 -0.56559300000000001 0 
0.71888099999999999 -0.39854299999999998 -0.56955699999999998 0 
0.33493600000000001 -0.421377 -0.84278399999999998 0 
0.345304 -0.59036299999999997 -0.72953999999999997 0 
0.66341799999999995 -0.147281 -0.73360599999999998 0 
0.52705599999999997 -0.15487600000000001 -0.83559700000000003 0 
0.72370400000000001 0.39552300000000001 -0.56553699999999996 0 
0.60129600000000005 0.56166000000000005 -0.56833 0 
0.66331200000000001 0.14894099999999999 -0.73336599999999996 0 
0.34608299999999997 0.59055999999999997 -0.72901000000000005 0 
-0.051289399999999999 0.16747799999999999 0.98455099999999995 0 
-0.14652799999999999 0.43812299999999998 0.88688699999999998 0 
-0.17486699999999999 0.00289383 0.98459799999999997 0 
-0.46195999999999998 -0.0039692299999999998 0.88688699999999998 0 
-0.056401600000000003 -0.16570799999999999 0.98456999999999995 0 
-0.138879 -0.440529 0.88692599999999999 0 
0.056944000000000002 -0.16564000000000001 -0.98455099999999995 0 
0.13872899999999999 -0.44070999999999999 -0.88685899999999995 0 
-0.13977200000000001 -0.10512299999999999 -0.98459799999999997 0 
-0.37627100000000002 -0.268127 -0.88685899999999995 0 
-0.14302999999999999 0.100911 -0.98456999999999995 0 
-0.37127900000000003 0.27499699999999999 -0.88685899999999995 0 
0.43931500000000001 0.80660600000000005 0.39548899999999998 0 
0.62115100000000001 0.44879599999999997 0.64247900000000002 0 
0.68488499999999997 0.676736 0.27009899999999998 0 
0.753888 0.54976100000000006 0.35974 0 
0.300562 0.91072399999999998 0.28331200000000001 0 
0.68118400000000001 0.72835000000000005 0.074300400000000003 0 
0.31116899999999997 0.950156 -0.0192143 0 
0.44991399999999998 0.88789899999999999 -0.095962199999999998 0 
0.122414 0.913354 0.38835599999999998 0 
0.12130000000000001 0.98965899999999996 -0.076725100000000004 0 
-0.154366 0.95159400000000005 0.26576899999999998 0 
-0.156449 0.98277800000000004 0.098320000000000005 0 
-0.28483999999999998 0.87195800000000001 0.39822099999999999 0 
-0.22664300000000001 0.703461 0.67362599999999995 0 
-0.63210200000000005 0.66690499999999997 0.394594 0 
-0.434166 0.85943199999999997 0.26994000000000001 0 
-0.77327599999999996 0.56728800000000001 0.28328399999999998 0 
-0.48208099999999998 0.87295800000000001 0.074614399999999997 0 
-0.80730299999999999 0.58982400000000001 -0.019013700000000001 0 
-0.705376 0.70235400000000003 -0.095605800000000005 0 
-0.83082800000000001 0.39866400000000002 0.388347 0 
-0.90366999999999997 0.421323 -0.076764899999999997 0 
-0.95272100000000004 0.14724799999999999 0.26576899999999998 0 
-0.98302299999999998 0.15490300000000001 0.098319699999999996 0 
-0.91730199999999995 -0.0014487 0.39822099999999999 0 
-0.73906799999999995 0.0018306100000000001 0.67362599999999995 0 
-0.82959499999999997 -0.39507999999999999 0.394594 0 
-0.95153299999999996 -0.147338 0.26994000000000001 0 
-0.77847900000000003 -0.56012700000000004 0.28328399999999998 0 
-0.97920399999999996 -0.18872700000000001 0.074614399999999997 0 
-0.81042700000000001 -0.58552499999999996 -0.019013700000000001 0 
-0.88595100000000004 -0.45381300000000002 -0.095605800000000005 0 
-0.63589200000000001 -0.66696999999999995 0.388347 0 
-0.67995099999999997 -0.72924500000000003 -0.076764899999999997 0 
-0.434448 -0.86058999999999997 0.26576899999999998 0 
-0.45109300000000002 -0.88704300000000003 0.098319699999999996 0 
-0.282084 -0.87285400000000002 0.39822099999999999 0 
-0.230125 -0.70232899999999998 0.67362599999999995 0 
0.119384 -0.91107800000000005 0.394594 0 
-0.15391299999999999 -0.95049099999999997 0.26994000000000001 0 
0.29215000000000002 -0.913466 0.28328399999999998 0 
-0.1231 -0.98959799999999998 0.074614399999999997 0 
0.30643199999999998 -0.95169899999999996 -0.019013700000000001 0 
0.157828 -0.98282599999999998 -0.095605800000000005 0 
0.43782500000000002 -0.81087399999999998 0.388347 0 
0.48343700000000001 -0.87202100000000005 -0.076764899999999997 0 
0.68421799999999999 -0.67912099999999997 0.26576899999999998 0 
0.70423199999999997 -0.70312600000000003 0.098319699999999996 0 
0.74296600000000002 -0.53800400000000004 0.39821899999999999 0 
0.59728199999999998 -0.43538199999999999 0.67356799999999994 0 
0.90338399999999996 -0.168017 0.39457399999999998 0 
0.85640899999999998 -0.44009799999999999 0.26994000000000001 0 
0.95903700000000003 -0.0044345699999999997 0.28328399999999998 0 
0.90312300000000001 -0.42287799999999998 0.074614399999999997 0 
0.99981200000000003 -0.0026566900000000002 -0.019013200000000001 0 
0.98349399999999998 -0.15360699999999999 -0.095605800000000005 0 
0.90631899999999999 0.16558999999999999 0.38882699999999998 0 
0.97873200000000005 0.190308 -0.076759400000000005 0 
0.855132 0.44302599999999998 0.26920500000000003 0 
0.88622299999999998 0.45278400000000002 0.097939899999999996 0 
-0.43892300000000001 0.80693400000000004 -0.39525199999999999 0 
-0.62126499999999996 0.448822 -0.64234999999999998 0 
-0.68488300000000002 0.67856799999999995 -0.26547100000000001 0 
-0.75442399999999998 0.54922499999999996 -0.359433 0 
-0.299064 0.91102399999999994 -0.28392899999999999 0 
-0.30504100000000001 0.95217700000000005 0.017301899999999999 0 
-0.122116 0.91295199999999999 -0.38939200000000002 0 
0.15274699999999999 0.95133900000000005 -0.26760800000000001 0 
0.28465699999999999 0.87219800000000003 -0.39782600000000001 0 
0.2273 0.70330599999999999 -0.67356700000000003 0 
-0.90307400000000004 -0.16808600000000001 -0.39525300000000002 0 
-0.61883600000000005 -0.45216499999999998 -0.64234999999999998 0 
-0.85699700000000001 -0.44167299999999998 -0.26547100000000001 0 
-0.75547399999999998 -0.54778000000000004 -0.359433 0 
-0.95884899999999995 -0.0029081699999999999 -0.28393600000000002 0 
-0.99983699999999998 0.0041282100000000002 0.0173016 0 
-0.90584799999999999 0.165709 -0.38987100000000002 0 
-0.85533499999999996 0.44089 -0.27204499999999998 0 
-0.11920600000000001 -0.91081599999999996 -0.39525300000000002 0 
0.23880299999999999 -0.72827500000000001 -0.64234999999999998 0 
0.15523000000000001 -0.95153699999999997 -0.26547100000000001 0 
0.28751599999999999 -0.88777200000000001 -0.359433 0 
-0.29353499999999999 -0.91281800000000002 -0.28393600000000002 0 
-0.31289299999999998 -0.94962599999999997 0.0173016 0 
-0.43752099999999999 -0.81030500000000005 -0.38987100000000002 0 
-0.68362500000000004 -0.67722899999999997 -0.27204499999999998 0 
0.82940100000000005 -0.39482899999999999 -0.39525300000000002 0 
0.76631899999999997 0.00201622 -0.64247699999999996 0 
0.95293399999999995 -0.14640900000000001 -0.26547100000000001 0 
0.933168 -0.00089170799999999995 -0.35943399999999998 0 
0.77743499999999999 -0.56124499999999999 -0.28393600000000002 0 
0.80645900000000004 -0.59102900000000003 0.0173016 0 
0.63544500000000004 -0.66650500000000001 -0.38987100000000002 0 
0.43283199999999999 -0.85944100000000001 -0.27204499999999998 0 
0.63253400000000004 0.66660600000000003 -0.39440599999999998 0 
0.43679099999999998 0.85960899999999996 -0.265096 0 
0.77402599999999999 0.56594999999999995 -0.28390799999999999 0 
0.81116200000000005 0.58456699999999995 0.0169739 0 
0.83024500000000001 0.39840100000000001 -0.38985700000000001 0 
0.951129 0.146067 -0.27204600000000001 0 
0.32494899999999999 -0.058643199999999999 0.94390700000000005 0 
0.39650800000000003 -0.038850999999999997 0.91719899999999999 0 
0.303846 0.027765499999999999 0.95231200000000005 0 
0.22842000000000001 0.23844399999999999 -0.94390700000000005 0 
0.29794500000000002 0.264492 -0.91719899999999999 0 
0.26213700000000001 0.156134 -0.95231200000000005 0 
0.159881 0.68286000000000002 0.71283300000000005 0 
0.16157299999999999 0.62356400000000001 0.76488100000000003 0 
0.24740599999999999 0.67222599999999999 0.69777800000000001 0 
-0.60003499999999999 0.36308699999999999 0.71282299999999998 0 
-0.54312099999999996 0.346418 0.76485000000000003 0 
-0.56288000000000005 0.44316299999999997 0.69768399999999997 0 
-0.53073700000000001 -0.45846799999999999 0.71282299999999998 0 
-0.49729699999999999 -0.40949000000000002 0.76485000000000003 0 
-0.59541299999999997 -0.39838600000000002 0.69768399999999997 0 
0.27202100000000001 -0.64643300000000004 0.71282599999999996 0 
0.235764 -0.59948299999999999 0.76486399999999999 0 
0.19489400000000001 -0.68937800000000005 0.69768600000000003 0 
0.69902299999999995 0.046883899999999999 0.713557 0 
0.64359999999999995 0.00226604 0.765351 0 
0.72228700000000001 -0.035717699999999998 0.69066300000000003 0 
-0.159881 0.68285899999999999 -0.71283399999999997 0 
-0.16157299999999999 0.62355099999999997 -0.76489200000000002 0 
-0.24740300000000001 0.67222899999999997 -0.69777599999999995 0 
-0.69892100000000001 0.058656 -0.71278300000000006 0 
-0.64299300000000004 0.038906700000000002 -0.76487099999999997 0 
-0.71579999999999999 -0.0276624 -0.69775100000000001 0 
-0.27176400000000001 -0.64658800000000005 -0.71278300000000006 0 
-0.23569799999999999 -0.59950000000000003 -0.76487099999999997 0 
-0.194886 -0.68931399999999998 -0.69775100000000001 0 
0.53096100000000002 -0.45826800000000001 -0.712785 0 
0.49732100000000001 -0.409414 -0.76487400000000005 0 
0.59535300000000002 -0.39835300000000001 -0.69775500000000001 0 
0.59307900000000002 0.37294500000000003 -0.713557 0 
0.52201500000000001 0.37646499999999999 -0.765351 0 
0.56334799999999996 0.45344600000000002 -0.69066300000000003 0 
0.145232 0.29533799999999999 0.94428699999999999 0 
0.124656 0.37660700000000003 0.91794100000000001 0 
0.057262399999999998 0.29141099999999998 0.95487699999999998 0 
-0.23632 0.22963600000000001 0.94414799999999999 0 
-0.319774 0.23488300000000001 0.91791199999999995 0 
-0.259517 0.14455699999999999 0.95485299999999995 0 
-0.29142099999999999 -0.15379300000000001 0.94414799999999999 0 
-0.32220100000000002 -0.231541 0.91791299999999998 0 
-0.21763099999999999 -0.20216500000000001 0.95485900000000001 0 
0.056181500000000002 -0.32468399999999997 0.94415000000000004 0 
0.120369 -0.37798100000000001 0.91794900000000001 0 
0.124781 -0.27007199999999998 0.95471499999999998 0 
0.29108600000000001 -0.15357100000000001 -0.94428800000000002 0 
0.32218799999999997 -0.23142399999999999 -0.91794600000000004 0 
0.21759400000000001 -0.20211100000000001 -0.95487900000000003 0 
-0.056218700000000003 -0.324683 -0.94414799999999999 0 
-0.12068 -0.37796600000000002 -0.91791400000000001 0 
-0.12500600000000001 -0.26947500000000002 -0.95485399999999998 0 
-0.32616200000000001 -0.046862899999999999 -0.94414900000000002 0 
-0.396758 -0.0020237499999999999 -0.91791400000000001 0 
-0.29488900000000001 0.035657899999999999 -0.95486000000000004 0 
-0.14538899999999999 0.29570099999999999 -0.94414900000000002 0 
-0.124779 0.376554 -0.91794600000000004 0 
-0.0577931 0.29183900000000002 -0.95471499999999998 0 
0.515984 0.64657399999999998 0.56186700000000001 0 
0.57865500000000003 0.59964099999999998 0.55278300000000002 0 
0.536991 0.68917200000000001 0.48649199999999998 0 
0.51926300000000003 0.82638100000000003 0.217835 0 
0.54612400000000005 0.82526699999999997 0.14375199999999999 0 
0.44825199999999998 0.87318300000000004 0.19134399999999999 0 
0.16547999999999999 0.97377100000000005 0.156135 0 
0.10922900000000001 0.98865800000000004 0.102979 0 
0.103778 0.96989099999999995 0.220304 0 
-0.056447900000000002 0.88507000000000002 0.46201300000000001 0 
-0.12818099999999999 0.86410600000000004 0.48669499999999999 0 
-0.020485099999999999 0.845669 0.53330599999999995 0 
-0.45712700000000001 0.69720499999999996 0.55220899999999995 0 
-0.39762999999999998 0.75453499999999996 0.52206799999999998 0 
-0.49861100000000003 0.722804 0.47846699999999998 0 
-0.62556699999999998 0.74918200000000001 0.21768100000000001 0 
-0.61620600000000003 0.77435500000000002 0.14368600000000001 0 
-0.69192200000000004 0.69615800000000005 0.19130900000000001 0 
-0.87497499999999995 0.45829300000000001 0.156135 0 
-0.90651599999999999 0.40939700000000001 0.102979 0 
-0.89035200000000003 0.39841100000000002 0.220304 0 
-0.85919500000000004 0.21981700000000001 0.46201300000000001 0 
-0.86142399999999997 0.14511599999999999 0.48669499999999999 0 
-0.81060900000000002 0.241844 0.53330599999999995 0 
-0.804342 -0.219305 0.55220899999999995 0 
-0.84048 -0.14500399999999999 0.52206799999999998 0 
-0.84150700000000001 -0.25084800000000002 0.47846699999999998 0 
-0.90582499999999999 -0.36343900000000001 0.21768100000000001 0 
-0.92687399999999998 -0.34675800000000001 0.14368600000000001 0 
-0.87590100000000004 -0.44293300000000002 0.19130900000000001 0 
-0.70624399999999998 -0.69052999999999998 0.156135 0 
-0.66948799999999997 -0.73563699999999999 0.102979 0 
-0.65404600000000002 -0.72365900000000005 0.220304 0 
-0.47456399999999999 -0.74921599999999999 0.46201300000000001 0 
-0.40420800000000001 -0.77441899999999997 0.48669499999999999 0 
-0.48049900000000001 -0.69620199999999999 0.53330599999999995 0 
-0.039983699999999997 -0.83274300000000001 0.55220899999999995 0 
-0.12181599999999999 -0.84415300000000004 0.52206799999999998 0 
-0.021468999999999999 -0.87783699999999998 0.47846699999999998 0 
0.065736100000000006 -0.97379899999999997 0.21768100000000001 0 
0.043366599999999998 -0.98866299999999996 0.14368600000000001 0 
0.150586 -0.96990500000000002 0.19130900000000001 0 
0.43849199999999999 -0.88506399999999996 0.156135 0 
0.49274899999999999 -0.86404499999999995 0.102979 0 
0.48612899999999998 -0.84565699999999999 0.220304 0 
0.56589900000000004 -0.68285600000000002 0.46201500000000001 0 
0.61160999999999999 -0.623726 0.486703 0 
0.51364500000000002 -0.67211100000000001 0.53331600000000001 0 
0.77944899999999995 -0.295765 0.55224799999999996 0 
0.76522100000000004 -0.37680999999999998 0.52195800000000003 0 
0.82820700000000003 -0.29180600000000001 0.47844799999999998 0 
0.94645199999999996 -0.238402 0.21768100000000001 0 
0.95367599999999997 -0.26427 0.14368600000000001 0 
0.96896800000000005 -0.156502 0.19130900000000001 0 
0.977244 0.14353399999999999 0.15615399999999999 0 
0.97401199999999999 0.20164799999999999 0.10305400000000001 0 
0.95444300000000004 0.20104900000000001 0.220473 0 
0.81948100000000001 0.32448199999999999 0.47239500000000001 0 
0.76724000000000003 0.37782700000000002 0.51824400000000004 0 
0.79813100000000003 0.26957700000000001 0.53879900000000003 0 
-0.51598100000000002 0.64659199999999994 -0.56184900000000004 0 
-0.57865200000000006 0.59970800000000002 -0.55271499999999996 0 
-0.53695599999999999 0.68929399999999996 -0.48635699999999998 0 
-0.51197400000000004 0.83265599999999995 -0.211093 0 
-0.52137500000000003 0.84418899999999997 -0.12450600000000001 0 
-0.43729000000000001 0.87793699999999997 -0.19491800000000001 0 
-0.15495700000000001 0.97461900000000001 -0.161554 0 
-0.078001299999999996 0.98943199999999998 -0.122182 0 
-0.101703 0.96738599999999997 -0.23197100000000001 0 
0.056505699999999999 0.88498699999999997 -0.46216600000000002 0 
0.128163 0.864039 -0.48681799999999997 0 
0.020526300000000001 0.84565299999999999 -0.53332900000000005 0 
-0.77439199999999997 -0.29091899999999998 -0.56184900000000004 0 
-0.74916899999999997 -0.36501099999999997 -0.55271499999999996 0 
-0.82148600000000005 -0.29767199999999999 -0.48635699999999998 0 
-0.95011199999999996 -0.22961200000000001 -0.211093 0 
-0.96398499999999998 -0.234988 -0.12450600000000001 0 
-0.97009800000000002 -0.14459 -0.19491800000000001 0 
-0.97480100000000003 0.15380199999999999 -0.16156499999999999 0 
-0.96509900000000004 0.23158200000000001 -0.122235 0 
-0.95138299999999998 0.20219200000000001 -0.23233400000000001 0 
-0.81934200000000001 0.32469799999999999 -0.47248699999999999 0 
-0.76717100000000005 0.37804900000000002 -0.51818600000000004 0 
-0.79809699999999995 0.27010299999999998 -0.53858700000000004 0 
0.037380299999999998 -0.82638999999999996 -0.56184900000000004 0 
0.11564000000000001 -0.82529699999999995 -0.55271499999999996 0 
0.0292497 -0.87326499999999996 -0.48635699999999998 0 
-0.075227100000000005 -0.97456399999999999 -0.211093 0 
-0.074400400000000005 -0.98941900000000005 -0.12450600000000001 0 
-0.16226399999999999 -0.96729900000000002 -0.19491800000000001 0 
-0.44750499999999999 -0.87956299999999998 -0.16156499999999999 0 
-0.51847900000000002 -0.84630099999999997 -0.122235 0 
-0.48629 -0.84233800000000003 -0.23233400000000001 0 
-0.56199699999999997 -0.67890399999999995 -0.47248699999999999 0 
-0.59661399999999998 -0.61279899999999998 -0.51818600000000004 0 
-0.50350799999999996 -0.67556899999999998 -0.53858700000000004 0 
0.79749199999999998 -0.21981600000000001 -0.56185399999999996 0 
0.820631 -0.14504700000000001 -0.55272699999999997 0 
0.83956299999999995 -0.242035 -0.48635899999999999 0 
0.90361899999999995 -0.37270199999999998 -0.211093 0 
0.91800300000000001 -0.37650600000000001 -0.12450600000000001 0 
0.86981399999999998 -0.45323400000000003 -0.19491800000000001 0 
0.69822700000000004 -0.69740199999999997 -0.16156499999999999 0 
0.64466100000000004 -0.75462499999999999 -0.122235 0 
0.65083899999999995 -0.72278600000000004 -0.23233400000000001 0 
0.47200900000000001 -0.74428399999999995 -0.47248699999999999 0 
0.39844299999999999 -0.75677899999999998 -0.51818600000000004 0 
0.48691099999999998 -0.68762699999999999 -0.53858700000000004 0 
0.45674999999999999 0.69742999999999999 -0.55223599999999995 0 
0.39764300000000002 0.75465700000000002 -0.52188299999999999 0 
0.49879699999999999 0.72284199999999998 -0.47821599999999997 0 
0.63371 0.74427699999999997 -0.21085000000000001 0 
0.64180400000000004 0.75670099999999996 -0.124417 0 
0.69985299999999995 0.68718599999999996 -0.19486400000000001 0 
0.87902999999999998 0.44855099999999998 -0.16156499999999999 0 
0.91689299999999996 0.379938 -0.122236 0 
0.88852900000000001 0.39563500000000001 -0.23233400000000001 0 
0.85368699999999997 0.21895000000000001 -0.47251799999999999 0 
0.84273500000000001 0.14526900000000001 -0.51834599999999997 0 
0.80413400000000002 0.25097399999999997 -0.53886100000000003 0 
0.13383400000000001 -0.0025590999999999999 0.99096399999999996 0 
0.181759 -0.054558599999999999 0.98183600000000004 0 
0.26283299999999998 -0.083350199999999999 0.96121900000000005 0 
0.213695 -0.092686599999999994 0.97128199999999998 0 
0.191914 0.0440153 0.98042399999999996 0 
0.24848500000000001 0.092820100000000003 0.96415300000000004 0 
0.44336700000000001 -0.22873399999999999 0.86665999999999999 0 
0.45724399999999998 -0.14177999999999999 0.87797400000000003 0 
0.46598299999999998 -0.052901799999999999 0.88321099999999997 0 
0.382662 -0.21638299999999999 0.89817499999999995 0 
0.32423400000000002 -0.14283100000000001 0.93513500000000005 0 
0.44811400000000001 0.22970299999999999 0.86395699999999997 0 
0.383301 0.208124 0.89985400000000004 0 
0.295039 0.15525600000000001 0.94278700000000004 0 
0.471167 0.150057 0.86919299999999999 0 
0.47813 0.033571900000000002 0.87764500000000001 0 
0.10677 0.080736299999999997 -0.99096399999999996 0 
0.114978 0.150974 -0.98183600000000004 0 
0.16364400000000001 0.22192100000000001 -0.96121900000000005 0 
0.11840299999999999 0.20059199999999999 -0.97128199999999998 0 
0.18113299999999999 0.077195299999999994 -0.98042399999999996 0 
0.25558700000000001 0.070962600000000001 -0.96415300000000004 0 
0.224245 0.44565399999999999 -0.86665999999999999 0 
0.286582 0.38346400000000003 -0.87797400000000003 0 
0.34589300000000001 0.31669599999999998 -0.88321099999999997 0 
0.182393 0.39998099999999998 -0.89817499999999995 0 
0.17835699999999999 0.30613200000000002 -0.93513500000000005 0 
0.49754799999999999 0.077561699999999997 -0.86395699999999997 0 
0.43242900000000001 0.0569227 -0.89985400000000004 0 
0.32994899999999999 0.0478144 -0.94278700000000004 0 
0.46938400000000002 0.15554599999999999 -0.86919299999999999 0 
0.40654899999999999 0.25387799999999999 -0.87764500000000001 0 
0.25290499999999999 0.78684399999999999 0.56288899999999997 0 
0.193999 0.77485899999999996 0.60164200000000001 0 
0.14935499999999999 0.73161699999999996 0.66513199999999995 0 
0.14994399999999999 0.76421899999999998 0.62540399999999996 0 
0.286134 0.73869899999999999 0.61028800000000005 0 
0.31994699999999998 0.68562699999999999 0.65383599999999997 0 
-0.039810999999999999 0.61862600000000001 0.78467100000000001 0 
0.044374999999999998 0.59597100000000003 0.801786 0 
0.12928999999999999 0.56939200000000001 0.81183499999999997 0 
-0.011931000000000001 0.66794399999999998 0.74409499999999995 0 
0.076321399999999998 0.70204200000000005 0.70804 0 
0.39454899999999998 0.472779 0.78791 0 
0.39192300000000002 0.53764699999999999 0.746529 0 
0.365504 0.62815299999999996 0.68689800000000001 0 
0.31745400000000001 0.49231599999999998 0.81046899999999999 0 
0.20836099999999999 0.53281000000000001 0.82018000000000002 0 
-0.67018900000000003 0.483686 0.56287100000000001 0 
-0.67699100000000001 0.42396499999999998 0.60162499999999997 0 
-0.64965600000000001 0.36813000000000001 0.66512899999999997 0 
-0.68048200000000003 0.37876599999999999 0.62539900000000004 0 
-0.61416199999999999 0.50054699999999996 0.61012900000000003 0 
-0.55321399999999998 0.51663400000000004 0.65344800000000003 0 
-0.60065100000000005 0.153304 0.78467100000000001 0 
-0.553091 0.22637499999999999 0.80178400000000005 0 
-0.50157399999999996 0.298933 0.81182699999999997 0 
-0.63893999999999995 0.19506399999999999 0.744093 0 
-0.64409799999999995 0.28953699999999999 0.70803499999999997 0 
-0.327351 0.522034 0.78759999999999997 0 
-0.38991199999999998 0.54071000000000002 0.74536899999999995 0 
-0.48417100000000002 0.54370300000000005 0.68554000000000004 0 
-0.36996000000000001 0.45423999999999998 0.81043699999999996 0 
-0.442303 0.36278500000000002 0.820214 0 
-0.66711200000000004 -0.48792099999999999 0.56287100000000001 0 
-0.61241599999999996 -0.51284399999999997 0.60162599999999999 0 
-0.55086800000000002 -0.50410100000000002 0.66512899999999997 0 
-0.57050900000000004 -0.53013200000000005 0.62539900000000004 0 
-0.66583499999999995 -0.429425 0.61012900000000003 0 
-0.66230100000000003 -0.36648900000000001 0.65344800000000003 0 
-0.33141199999999998 -0.52388000000000001 0.78467100000000001 0 
-0.38621 -0.456067 0.80178400000000005 0 
-0.43929699999999999 -0.38464999999999999 0.81182699999999997 0 
-0.38296000000000002 -0.54739000000000004 0.744093 0 
-0.47440300000000002 -0.52310199999999996 0.70803499999999997 0 
-0.59763999999999995 -0.15001200000000001 0.78759999999999997 0 
-0.63473500000000005 -0.20374 0.74536899999999995 0 
-0.666709 -0.29246100000000003 0.68554000000000004 0 
-0.54633200000000004 -0.21148500000000001 0.81043699999999996 0 
-0.481709 -0.30854900000000002 0.820214 0 
0.25789099999999998 -0.78523699999999996 0.56287100000000001 0 
0.29849700000000001 -0.74092000000000002 0.60162599999999999 0 
0.309201 -0.67968200000000001 0.66513 0 
0.32788800000000001 -0.70640499999999995 0.62539999999999996 0 
0.202653 -0.76594700000000004 0.61012900000000003 0 
0.14388899999999999 -0.74313700000000005 0.65344800000000003 0 
0.395534 -0.47665800000000003 0.78507499999999997 0 
0.31418400000000002 -0.508019 0.80200800000000005 0 
0.229987 -0.53657500000000002 0.81190700000000005 0 
0.402171 -0.53319499999999997 0.74426499999999995 0 
0.35088599999999998 -0.61280800000000002 0.708063 0 
-0.042011600000000003 -0.61474600000000001 0.787601 0 
-0.0023769199999999998 -0.66662699999999997 0.74536999999999998 0 
0.072120500000000004 -0.72445199999999998 0.68554099999999996 0 
0.032301299999999998 -0.58494000000000002 0.81044099999999997 0 
0.14454900000000001 -0.55344199999999999 0.82024600000000003 0 
0.82671300000000003 0.0021471300000000001 0.56255599999999994 0 
0.79731700000000005 0.053542100000000002 0.60119199999999995 0 
0.74162399999999995 0.082508399999999996 0.66570099999999999 0 
0.773119 0.091781100000000004 0.62570400000000004 0 
0.79210499999999995 -0.045575299999999999 0.60868100000000003 0 
0.75400699999999998 -0.096384499999999998 0.64971500000000004 0 
0.56922300000000003 0.230541 0.78919499999999998 0 
0.50784399999999996 0.251467 0.82390600000000003 0 
0.55831699999999995 0.154666 0.81508999999999998 0 
0.52073199999999997 0.094510899999999995 0.84848500000000004 0 
0.56735000000000002 0.039607999999999997 0.82252199999999998 0 
0.62529000000000001 0.20768900000000001 0.75223499999999999 0 
0.68678300000000003 0.13133 0.71489800000000003 0 
0.57894599999999996 -0.2225 0.78441399999999994 0 
0.51000299999999998 -0.24010000000000001 0.82595799999999997 0 
0.639455 -0.210619 0.73939500000000002 0 
0.71743100000000004 -0.160968 0.67777200000000004 0 
0.58816400000000002 -0.128639 0.798454 0 
0.58297900000000002 -0.0372631 0.81163099999999999 0 
0.52525500000000003 -0.0585771 0.84893099999999999 0 
-0.25290400000000002 0.78684399999999999 -0.56289 0 
-0.193996 0.77485899999999996 -0.60164399999999996 0 
-0.14935499999999999 0.73161600000000004 -0.66513299999999997 0 
-0.14994099999999999 0.76421899999999998 -0.62540499999999999 0 
-0.28613300000000003 0.73870000000000002 -0.61028700000000002 0 
-0.31994699999999998 0.68562999999999996 -0.653833 0 
0.0398214 0.61811300000000002 -0.78507499999999997 0 
-0.044417400000000003 0.59566600000000003 -0.80201100000000003 0 
-0.129297 0.56927099999999997 -0.81191899999999995 0 
0.0119632 0.66775300000000004 -0.74426700000000001 0 
-0.076319499999999998 0.70201499999999994 -0.708067 0 
-0.39458300000000002 0.47282999999999997 -0.78786299999999998 0 
-0.39194499999999999 0.53769100000000003 -0.74648599999999998 0 
-0.365504 0.62816399999999994 -0.68688899999999997 0 
-0.31732700000000003 0.492259 -0.81055299999999997 0 
-0.208203 0.53267100000000001 -0.82030999999999998 0 
-0.82647999999999999 0.0025630200000000001 -0.56289699999999998 0 
-0.79688099999999995 0.0545695 -0.60167899999999996 0 
-0.74219500000000005 0.0833536 -0.66495899999999997 0 
-0.77316700000000005 0.092691599999999999 -0.62551199999999996 0 
-0.79097399999999995 -0.043920000000000001 -0.61027200000000004 0 
-0.750946 -0.092449000000000003 -0.65382300000000004 0 
-0.57638699999999998 0.22903499999999999 -0.78441899999999998 0 
-0.58059099999999997 0.141934 -0.801736 0 
-0.58148299999999997 0.052985900000000002 -0.81183099999999997 0 
-0.63198500000000002 0.216528 -0.74409599999999998 0 
-0.69137300000000002 0.14286299999999999 -0.70823700000000001 0 
-0.57162199999999996 -0.229158 -0.78786199999999995 0 
-0.632494 -0.20661099999999999 -0.74648300000000001 0 
-0.71036900000000003 -0.15351500000000001 -0.68688300000000002 0 
-0.56623299999999999 -0.14968200000000001 -0.81054800000000005 0 
-0.57098899999999997 -0.033384499999999998 -0.82027600000000001 0 
-0.25783400000000001 -0.78523699999999996 -0.56289699999999998 0 
-0.29814800000000002 -0.74101600000000001 -0.60167899999999996 0 
-0.30862499999999998 -0.68011100000000002 -0.66495899999999997 0 
-0.32707700000000001 -0.70668200000000003 -0.62551199999999996 0 
-0.202654 -0.76583299999999999 -0.61027200000000004 0 
-0.14413100000000001 -0.742761 -0.65382300000000004 0 
-0.39593899999999999 -0.47740100000000002 -0.78441899999999998 0 
-0.31440000000000001 -0.50831499999999996 -0.801736 0 
-0.23008100000000001 -0.53664900000000004 -0.81183099999999997 0 
-0.401225 -0.53414300000000003 -0.74409599999999998 0 
-0.34951700000000002 -0.61338800000000004 -0.70823700000000001 0 
0.041301499999999998 -0.61445799999999995 -0.78786199999999995 0 
0.0010477500000000001 -0.66538399999999998 -0.74648300000000001 0 
-0.073514399999999994 -0.72303899999999999 -0.68688300000000002 0 
-0.032620099999999999 -0.58477400000000002 -0.81054800000000005 0 
-0.14469499999999999 -0.55335900000000005 -0.82027600000000001 0 
0.66713 -0.48786600000000002 -0.56289699999999998 0 
0.61261500000000002 -0.51254200000000005 -0.60167999999999999 0 
0.551454 -0.50368500000000005 -0.66495899999999997 0 
0.57102200000000003 -0.52944500000000005 -0.62551199999999996 0 
0.66572600000000004 -0.42938999999999999 -0.61027299999999995 0 
0.66186699999999998 -0.36659900000000001 -0.65382600000000002 0 
0.33168300000000001 -0.52408500000000002 -0.78441899999999998 0 
0.38628299999999999 -0.45608900000000002 -0.801736 0 
0.43929699999999999 -0.38464700000000002 -0.81182799999999999 0 
0.384015 -0.54664699999999999 -0.74409700000000001 0 
0.47535899999999998 -0.521957 -0.70823800000000003 0 
0.59708899999999998 -0.15057599999999999 -0.78791 0 
0.63309700000000002 -0.204594 -0.74652799999999997 0 
0.66492700000000005 -0.29333799999999999 -0.686894 0 
0.54620500000000005 -0.21169199999999999 -0.81046799999999997 0 
0.48175000000000001 -0.30857800000000002 -0.82017899999999999 0 
0.67008699999999999 0.48419200000000001 -0.56255599999999994 0 
0.67651300000000003 0.42533300000000002 -0.60119500000000003 0 
0.64848300000000003 0.36916500000000002 -0.66570099999999999 0 
0.67941300000000004 0.38017400000000001 -0.62570599999999998 0 
0.614039 0.50245899999999999 -0.60868100000000003 0 
0.55335100000000004 0.52117100000000005 -0.64971500000000004 0 
0.59601899999999997 0.14806900000000001 -0.78919499999999998 0 
0.55866300000000002 0.095061999999999994 -0.82390600000000003 0 
0.54259800000000002 0.203043 -0.81508999999999998 0 
0.47683300000000001 0.22961799999999999 -0.84848500000000004 0 
0.48227700000000001 0.30143599999999998 -0.82252199999999998 0 
0.627946 0.19951199999999999 -0.75223499999999999 0 
0.63281299999999996 0.297433 -0.71489800000000003 0 
0.33759499999999998 0.52030200000000004 -0.78441399999999994 0 
0.27147399999999999 0.49401699999999998 -0.82595799999999997 0 
0.39353100000000002 0.54625599999999996 -0.73939500000000002 0 
0.48580000000000001 0.55192099999999999 -0.67777200000000004 0 
0.400223 0.44978499999999999 -0.798454 0 
0.449737 0.37281300000000001 -0.81163099999999999 0 
0.390509 0.35612700000000003 -0.84892999999999996 0 
0.044305400000000002 0.12659899999999999 0.99092800000000003 0 
0.081003699999999998 0.056570599999999999 0.99507599999999996 0 
0.107533 0.155947 0.98190100000000002 0 
0.193026 0.142619 0.970777 0 
0.16054499999999999 0.22547400000000001 0.96091499999999996 0 
0.15398100000000001 0.17499600000000001 0.97123700000000002 0 
0.016032999999999999 0.19523599999999999 0.98062499999999997 0 
-0.0160632 0.26194099999999998 0.96492299999999998 0 
0.35754599999999997 0.35745700000000002 0.86277300000000001 0 
0.41947899999999999 0.30578300000000003 0.85472499999999996 0 
0.39596300000000001 0.40677600000000003 0.82323100000000005 0 
0.29473700000000003 0.40787299999999999 0.86416499999999996 0 
0.25251200000000001 0.47114099999999998 0.84515399999999996 0 
0.18770899999999999 0.44694099999999998 0.87464699999999995 0 
0.31806800000000002 0.30783199999999999 0.89668899999999996 0 
0.22748599999999999 0.27483800000000003 0.93418999999999996 0 
0.30735000000000001 0.236958 0.92163300000000004 0 
-0.075062599999999993 0.48897499999999999 0.86905699999999997 0 
-0.070665699999999998 0.559056 0.82608700000000002 0 
-0.084698599999999999 0.42169000000000001 0.90275700000000003 0 
-0.064982399999999996 0.32125700000000001 0.94475699999999996 0 
0.017037299999999998 0.46856300000000001 0.88327299999999997 0 
0.10863299999999999 0.454177 0.88426300000000002 0 
0.106421 0.51684399999999997 0.84944299999999995 0 
-0.106279 0.081201599999999999 0.99097900000000005 0 
-0.028191500000000001 0.094386499999999998 0.99510500000000002 0 
-0.11507000000000001 0.15026999999999999 0.98193200000000003 0 
-0.077593599999999999 0.22669900000000001 0.97087199999999996 0 
-0.164989 0.222219 0.96092100000000003 0 
-0.119336 0.20013400000000001 0.97125600000000001 0 
-0.18053900000000001 0.075548299999999999 0.98066200000000003 0 
-0.25403500000000001 0.065671099999999996 0.96493499999999999 0 
-0.22919999999999999 0.449959 0.86313099999999998 0 
-0.159553 0.49072500000000002 0.85659399999999997 0 
-0.26369599999999999 0.502251 0.82351099999999999 0 
-0.29666500000000001 0.40595999999999999 0.86440600000000001 0 
-0.369865 0.38531900000000002 0.84542899999999999 0 
-0.36662800000000001 0.31519999999999998 0.87534599999999996 0 
-0.19656100000000001 0.39693499999999998 0.89654100000000003 0 
-0.192824 0.30000199999999999 0.93424499999999999 0 
-0.13454099999999999 0.36172199999999999 0.92253700000000005 0 
-0.48823899999999998 0.079714400000000005 0.86905600000000005 0 
-0.553531 0.10555200000000001 0.82608700000000002 0 
-0.427228 0.049754399999999997 0.902756 0 
-0.325604 0.037466899999999997 0.94476099999999996 0 
-0.44033899999999998 0.16089899999999999 0.88330399999999998 0 
-0.39826099999999998 0.24321200000000001 0.88444 0 
-0.45861299999999999 0.26075399999999999 0.849522 0 
-0.109569 -0.076198100000000005 0.99101799999999995 0 
-0.097927100000000003 0.00213327 0.99516000000000004 0 
-0.17824000000000001 -0.063084299999999996 0.98196899999999998 0 
-0.23948900000000001 -0.0037600699999999999 0.97089499999999995 0 
-0.26232 -0.088245599999999993 0.96092299999999997 0 
-0.22711600000000001 -0.051678300000000003 0.971279 0 
-0.12737699999999999 -0.14848900000000001 0.98067599999999999 0 
-0.14085700000000001 -0.221358 0.96493899999999999 0 
-0.49876300000000001 -0.078936699999999999 0.86313099999999998 0 
-0.51601200000000003 -0.000100958 0.85659399999999997 0 
-0.55915499999999996 -0.095585400000000001 0.82351099999999999 0 
-0.477765 -0.156697 0.86440600000000001 0 
-0.48075499999999999 -0.23269300000000001 0.84542899999999999 0 
-0.41306700000000002 -0.25128200000000001 0.87534599999999996 0 
-0.43824800000000003 -0.064280699999999996 0.89654199999999995 0 
-0.34489799999999998 -0.090682100000000002 0.93424700000000005 0 
-0.38559100000000002 -0.016179900000000001 0.922539 0 
-0.226687 -0.43970999999999999 0.86905600000000005 0 
-0.27143600000000001 -0.49382199999999998 0.82608700000000002 0 
-0.17904300000000001 -0.390739 0.90290300000000001 0 
-0.13620299999999999 -0.29809799999999997 0.94476499999999997 0 
-0.28909499999999999 -0.36906699999999998 0.88330399999999998 0 
-0.35437800000000003 -0.30361199999999999 0.88444 0 
-0.38971099999999997 -0.35559000000000002 0.849522 0 
0.039269199999999997 -0.128581 0.99088600000000004 0 
0.078916600000000003 -0.059467800000000001 0.99507500000000004 0 
-0.031634799999999998 -0.092968499999999996 0.99513499999999999 0 
0.0053235899999999996 -0.18948799999999999 0.98187400000000002 0 
-0.070252999999999996 -0.229047 0.97087999999999997 0 
0.0028993000000000001 -0.276783 0.96091300000000002 0 
-0.020809999999999999 -0.232186 0.97122799999999998 0 
0.102053 -0.16786599999999999 0.980514 0 
0.166708 -0.203683 0.96471200000000001 0 
0.19550100000000001 -0.13967199999999999 0.97070999999999996 0 
-0.079051200000000002 -0.49875700000000001 0.863124 0 
-0.15934200000000001 -0.490782 0.85660099999999995 0 
-0.081881200000000001 -0.56132800000000005 0.82350999999999996 0 
0.0013699999999999999 -0.502799 0.86440899999999998 0 
0.072712700000000005 -0.529111 0.84544399999999997 0 
0.11127099999999999 -0.47046500000000002 0.87537399999999999 0 
-0.074265700000000004 -0.43665199999999998 0.89654900000000004 0 
-0.020328599999999999 -0.35603200000000002 0.93425000000000002 0 
-0.10367700000000001 -0.37167 0.92256800000000005 0 
0.346279 -0.35258600000000001 0.86934699999999998 0 
0.38504899999999997 -0.41009800000000002 0.82674999999999998 0 
0.41496100000000002 -0.30446400000000001 0.85739699999999996 0 
0.31490000000000001 -0.29973 0.90054100000000004 0 
0.31646999999999997 -0.222084 0.92225100000000004 0 
0.23957999999999999 -0.22483900000000001 0.94447999999999999 0 
0.26074799999999998 -0.38921800000000001 0.88347799999999999 0 
0.178869 -0.43077199999999999 0.88455600000000001 0 
0.21751000000000001 -0.48037200000000002 0.84967000000000004 0 
0.11025600000000001 -0.076378600000000005 -0.99092800000000003 0 
0.0987846 0.00184614 -0.99507599999999996 0 
0.17865800000000001 -0.062958600000000003 -0.98190100000000002 0 
0.23999000000000001 -0.0019237499999999999 -0.970777 0 
0.26241399999999998 -0.088046600000000003 -0.96091499999999996 0 
0.227432 -0.051067500000000002 -0.97123700000000002 0 
0.127724 -0.14852699999999999 -0.980626 0 
0.140957 -0.221363 -0.96492299999999998 0 
0.49936799999999998 -0.079028399999999999 -0.86277300000000001 0 
0.51910100000000003 -0.00082006199999999998 -0.85472599999999999 0 
0.55943699999999996 -0.096347299999999997 -0.82323100000000005 0 
0.478186 -0.15673599999999999 -0.86416599999999999 0 
0.48121399999999998 -0.232739 -0.84515499999999999 0 
0.41455199999999998 -0.25125900000000001 -0.87465000000000004 0 
0.43826100000000001 -0.062086299999999997 -0.89668899999999996 0 
0.34558299999999997 -0.088637199999999999 -0.93419099999999999 0 
0.38793100000000003 -0.011047400000000001 -0.92163300000000004 0 
0.22642799999999999 -0.43992700000000001 -0.86901399999999995 0 
0.27119799999999999 -0.49425799999999998 -0.825905 0 
0.17918300000000001 -0.39102100000000001 -0.90275300000000003 0 
0.136217 -0.29811900000000002 -0.94475600000000004 0 
0.28908 -0.36916900000000002 -0.88326700000000002 0 
0.35479500000000003 -0.303624 -0.88426899999999997 0 
0.389851 -0.355632 -0.84943999999999997 0 
-0.038252800000000003 -0.128162 -0.99097900000000005 0 
0.032670999999999999 -0.092930899999999997 -0.99510500000000002 0 
-0.0047691900000000004 -0.18920699999999999 -0.98193200000000003 0 
0.070468500000000003 -0.229015 -0.97087199999999996 0 
-0.0028628999999999998 -0.27675699999999998 -0.96092100000000003 0 
0.021088300000000001 -0.23205600000000001 -0.97125600000000001 0 
-0.101657 -0.16723499999999999 -0.98066200000000003 0 
-0.16692899999999999 -0.20243700000000001 -0.96493600000000002 0 
0.078762899999999997 -0.49887599999999999 -0.86308200000000002 0 
0.15903800000000001 -0.491147 -0.85644799999999999 0 
0.081469100000000003 -0.56150500000000003 -0.82343 0 
-0.00156452 -0.502826 -0.86439200000000005 0 
-0.0728853 -0.529061 -0.84545999999999999 0 
-0.111369 -0.47048600000000002 -0.87534999999999996 0 
0.074118799999999999 -0.43673699999999999 -0.89651999999999998 0 
0.020290900000000001 -0.35605900000000001 -0.93424099999999999 0 
0.10367 -0.37176500000000001 -0.92253099999999999 0 
-0.34842499999999998 -0.35129199999999999 -0.86901300000000004 0 
-0.38626199999999999 -0.410659 -0.825905 0 
-0.31651699999999999 -0.291246 -0.90275099999999997 0 
-0.24143000000000001 -0.221663 -0.94476000000000004 0 
-0.26180999999999999 -0.38891500000000001 -0.883297 0 
-0.17930599999999999 -0.43081799999999998 -0.88444500000000004 0 
-0.21782699999999999 -0.480487 -0.84952399999999995 0 
-0.133432 -0.0027570799999999999 -0.99101799999999995 0 
-0.077971100000000002 -0.059285499999999998 -0.99516000000000004 0 
-0.181279 -0.053728100000000001 -0.98196899999999998 0 
-0.195966 -0.13772000000000001 -0.97089499999999995 0 
-0.26409100000000002 -0.082794699999999999 -0.96092299999999997 0 
-0.214118 -0.091683799999999996 -0.971279 0 
-0.190328 0.0452643 -0.98067700000000002 0 
-0.24406 0.096301800000000007 -0.96493899999999999 0 
-0.45012000000000002 -0.22906899999999999 -0.86308200000000002 0 
-0.41796299999999997 -0.30302800000000002 -0.85644799999999999 0 
-0.50884700000000005 -0.250996 -0.82343 0 
-0.47870000000000001 -0.153894 -0.86439200000000005 0 
-0.52568999999999999 -0.094170799999999999 -0.84545999999999999 0 
-0.481873 -0.039469700000000003 -0.87534999999999996 0 
-0.392457 -0.20544999999999999 -0.89651999999999998 0 
-0.33235700000000001 -0.12932099999999999 -0.93424300000000005 0 
-0.32153300000000001 -0.213475 -0.92253200000000002 0 
-0.44176799999999999 0.22281699999999999 -0.86901300000000004 0 
-0.50992199999999999 0.240457 -0.825905 0 
-0.37480000000000002 0.21102699999999999 -0.90275099999999997 0 
-0.28540399999999999 0.16114899999999999 -0.94475900000000002 0 
-0.45078299999999999 0.12881500000000001 -0.883297 0 
-0.46514 0.037400299999999997 -0.88444500000000004 0 
-0.52428200000000003 0.058687099999999999 -0.84952399999999995 0 
-0.043808399999999997 0.127106 -0.99088600000000004 0 
0.028890599999999999 0.094496499999999997 -0.99507500000000004 0 
-0.080238500000000004 0.056619000000000003 -0.99513499999999999 0 
-0.107071 0.15642900000000001 -0.98187400000000002 0 
-0.191464 0.14401600000000001 -0.97087999999999997 0 
-0.16034300000000001 0.22562699999999999 -0.96091300000000002 0 
-0.15331 0.17561299999999999 -0.97122799999999998 0 
-0.016106800000000001 0.19579199999999999 -0.98051299999999997 0 
0.015148099999999999 0.26277099999999998 -0.96471200000000001 0 
0.076066800000000004 0.22791 -0.97070999999999996 0 
-0.35695500000000002 0.357298 -0.86308300000000004 0 
-0.41735499999999998 0.30386400000000002 -0.85644799999999999 0 
-0.395955 0.40637899999999999 -0.82343100000000002 0 
-0.29430200000000001 0.40769300000000003 -0.864398 0 
-0.25202200000000002 0.47082600000000002 -0.84547499999999998 0 
-0.18649399999999999 0.446023 -0.87537399999999999 0 
-0.31668200000000002 0.30974800000000002 -0.89651999999999998 0 
-0.22571099999999999 0.27612300000000001 -0.93424099999999999 0 
-0.30238599999999999 0.23983199999999999 -0.92253099999999999 0 
0.072900300000000001 0.488786 -0.86934699999999998 0 
0.070461800000000005 0.55810199999999999 -0.82674999999999998 0 
0.156751 0.49022500000000002 -0.85739699999999996 0 
0.0785825 0.42758000000000002 -0.90054100000000004 0 
0.12549199999999999 0.36568600000000001 -0.92225100000000004 0 
0.061668399999999998 0.32272099999999998 -0.94447999999999999 0 
-0.017824 0.46814899999999998 -0.88347799999999999 0 
-0.108484 0.45364100000000002 -0.88455600000000001 0 
-0.10637199999999999 0.51647500000000002 -0.84967400000000004 0 
0.38831199999999999 0.78462799999999999 0.48322100000000001 0 
0.317637 0.79442800000000002 0.51761800000000002 0 
0.40487499999999998 0.74062700000000004 0.53624899999999998 0 
0.37630200000000003 0.69923500000000005 0.60784400000000005 0 
0.45677200000000001 0.679759 0.57381000000000004 0 
0.41298400000000002 0.706372 0.57281899999999997 0 
0.45536700000000002 0.76544199999999996 0.45468500000000001 0 
0.52042299999999997 0.74258100000000005 0.42152600000000001 0 
0.52491299999999996 0.47765800000000003 0.70448699999999997 0 
0.467086 0.45519300000000001 0.75805800000000001 0 
0.57662599999999997 0.50855600000000001 0.63944199999999995 0 
0.62323600000000001 0.53679100000000002 0.56871099999999997 0 
0.48620600000000003 0.53400199999999998 0.69167800000000002 0 
0.47658099999999998 0.61351900000000004 0.62966 0 
0.431674 0.57980600000000004 0.69101599999999996 0 
0.72276799999999997 0.61481600000000003 0.31559500000000001 0 
0.66797300000000004 0.66551899999999997 0.33297199999999999 0 
0.58148699999999998 0.72300600000000004 0.37300800000000001 0 
0.71013700000000002 0.58507299999999995 0.39167200000000002 0 
0.66894799999999999 0.55342800000000003 0.49620700000000001 0 
0.366396 0.86284099999999997 0.34812199999999999 0 
0.368977 0.82906400000000002 0.42005599999999998 0 
0.43145499999999998 0.83703000000000005 0.33651500000000001 0 
0.49606 0.78676199999999996 0.36733700000000002 0 
0.49980999999999998 0.81841200000000003 0.28348299999999998 0 
0.476109 0.814137 0.328851 0 
0.370203 0.88685199999999997 0.27648099999999998 0 
0.37010900000000002 0.90664400000000001 0.202406 0 
0.69402299999999995 0.69530599999999998 0.18674399999999999 0 
0.72685299999999997 0.64328200000000002 0.240617 0 
0.64664999999999995 0.75051199999999996 0.13633500000000001 0 
0.59296400000000005 0.80066000000000004 0.085658600000000001 0 
0.65395499999999995 0.71797800000000001 0.238374 0 
0.57428299999999999 0.776505 0.25931799999999999 0 
0.62171100000000001 0.72288799999999998 0.30154500000000001 0 
0.38186999999999999 0.92234000000000005 -0.058787699999999998 0 
0.364396 0.93110400000000004 0.0153504 0 
0.353939 0.92671899999999996 0.126169 0 
0.45335399999999998 0.89078999999999997 -0.0312295 0 
0.54032599999999997 0.84095900000000001 0.028841800000000001 0 
0.216864 0.91329700000000003 0.34465400000000002 0 
0.29101900000000003 0.88746599999999998 0.35728199999999999 0 
0.23696700000000001 0.93072999999999995 0.27857500000000002 0 
0.30119499999999999 0.928064 0.219054 0 
0.219251 0.95588799999999996 0.19539100000000001 0 
0.25234899999999999 0.93848500000000001 0.23067399999999999 0 
0.147953 0.93501900000000004 0.32225599999999999 0 
0.076559000000000002 0.95101000000000002 0.29944900000000002 0 
0.23508799999999999 0.97051299999999996 -0.053201999999999999 0 
0.30853399999999997 0.94781400000000005 -0.080478300000000003 0 
0.15851299999999999 0.98728499999999997 -0.012390699999999999 0 
0.080655900000000003 0.99628499999999998 0.0301698 0 
0.26091700000000001 0.96528599999999998 0.0107881 0 
0.23557400000000001 0.96576799999999996 0.108644 0 
0.30454500000000001 0.95028900000000005 0.064990099999999995 0 
-0.15687100000000001 0.97064600000000001 0.18228900000000001 0 
-0.0991866 0.96746500000000002 0.23269699999999999 0 
-0.0027186799999999998 0.957762 0.287547 0 
-0.098067500000000002 0.98713899999999999 0.126302 0 
0.00021785399999999999 0.997946 0.0640371 0 
0.14574599999999999 0.86620200000000003 0.47789300000000001 0 
0.20738599999999999 0.83137499999999998 0.51550499999999999 0 
0.19101199999999999 0.88887400000000005 0.41636099999999998 0 
0.08974 0.89213299999999995 0.44278699999999999 0 
0.060802099999999998 0.92780499999999999 0.36808600000000002 0 
0.0027604399999999999 0.90218299999999996 0.43131000000000003 0 
0.050676899999999997 0.90749400000000002 0.41415200000000002 0 
0.095382300000000003 0.84336299999999997 0.52881 0 
0.045068700000000003 0.81442700000000001 0.57847199999999999 0 
0.106646 0.78645200000000004 0.60838000000000003 0 
-0.217642 0.92334400000000005 0.31632199999999999 0 
-0.20950099999999999 0.94815000000000005 0.23904700000000001 0 
-0.21323800000000001 0.89191299999999996 0.398789 0 
-0.20565600000000001 0.85346 0.47886400000000001 0 
-0.14968600000000001 0.93429899999999999 0.32349800000000001 0 
-0.071464899999999998 0.91978899999999997 0.38585799999999998 0 
-0.0814883 0.94780500000000001 0.30829600000000001 0 
-0.14848500000000001 0.69385300000000005 0.70463600000000004 0 
-0.111704 0.64421899999999999 0.75665499999999997 0 
-0.082397700000000004 0.72528899999999996 0.683477 0 
-0.0039937699999999998 0.71924600000000005 0.69475799999999999 0 
0.0041226700000000002 0.77351499999999995 0.63376399999999999 0 
-0.18154699999999999 0.74137600000000003 0.64607700000000001 0 
-0.20465 0.80759700000000001 0.55308400000000002 0 
-0.62658400000000003 0.61174499999999998 0.48279300000000003 0 
-0.65749299999999999 0.54760600000000004 0.51746300000000001 0 
-0.57991899999999996 0.61412 0.53531600000000001 0 
-0.54879100000000003 0.57500399999999996 0.60679899999999998 0 
-0.50470700000000002 0.64539500000000005 0.57333100000000004 0 
-0.54421699999999995 0.61170800000000003 0.57208000000000003 0 
-0.58885299999999996 0.66935299999999998 0.453011 0 
-0.54959199999999997 0.72352499999999997 0.41762300000000002 0 
-0.28410200000000002 0.64888699999999999 0.70584899999999995 0 
-0.286049 0.58631900000000003 0.75790999999999997 0 
-0.21216199999999999 0.65799300000000005 0.72249200000000002 0 
-0.27839000000000003 0.70699900000000004 0.65012499999999995 0 
-0.24287600000000001 0.75930900000000001 0.60372400000000004 0 
-0.30213800000000002 0.77212599999999998 0.55904500000000001 0 
-0.35253800000000002 0.636911 0.68559400000000004 0 
-0.43205100000000002 0.65371100000000004 0.621282 0 
-0.41627799999999998 0.59546900000000003 0.68713100000000005 0 
-0.36716700000000002 0.87252300000000005 0.32230799999999998 0 
-0.29404799999999998 0.90522599999999998 0.30669000000000002 0 
-0.43113200000000002 0.83989599999999998 0.32965100000000003 0 
-0.51655799999999996 0.77387499999999998 0.36644199999999999 0 
-0.35694700000000001 0.83906599999999998 0.41057300000000002 0 
-0.33336399999999999 0.80380300000000005 0.49271300000000001 0 
-0.27207599999999998 0.83675900000000003 0.47520099999999998 0 
-0.70746500000000001 0.61510200000000004 0.34795399999999999 0 
-0.67466599999999999 0.607074 0.41979100000000003 0 
-0.66290000000000004 0.66908100000000004 0.33601900000000001 0 
-0.59643800000000002 0.71448999999999996 0.36574800000000002 0 
-0.62325399999999997 0.72890200000000005 0.283244 0 
-0.62727900000000003 0.70463399999999998 0.32806999999999997 0 
-0.72904400000000003 0.62616499999999997 0.27642600000000001 0 
-0.74789399999999995 0.63217400000000001 0.20239299999999999 0 
-0.447212 0.87457200000000002 0.18739900000000001 0 
-0.38876500000000003 0.88874399999999998 0.24293699999999999 0 
-0.51410599999999995 0.84680100000000003 0.13650999999999999 0 
-0.57826699999999998 0.811334 0.085705799999999999 0 
-0.48232799999999998 0.84307600000000005 0.237812 0 
-0.56256799999999996 0.78544000000000003 0.25807999999999998 0 
-0.49923299999999998 0.81335500000000005 0.298732 0 
-0.75899700000000003 0.64844199999999996 -0.058632200000000002 0 
-0.77282300000000004 0.634413 0.0154448 0 
-0.77197800000000005 0.62300100000000003 0.12617300000000001 0 
-0.70702699999999996 0.706511 -0.031099399999999999 0 
-0.63282300000000002 0.77375499999999997 0.028873300000000001 0 
-0.801589 0.48847400000000002 0.34464 0 
-0.75412999999999997 0.55101800000000001 0.35721799999999998 0 
-0.81195200000000001 0.51298200000000005 0.27856599999999998 0 
-0.78956599999999999 0.57324600000000003 0.21904799999999999 0 
-0.84135099999999996 0.50390599999999997 0.19539100000000001 0 
-0.81457199999999996 0.53000700000000001 0.23066999999999999 0 
-0.84353800000000001 0.42964799999999997 0.32225199999999998 0 
-0.88080700000000001 0.36669000000000002 0.29944900000000002 0 
-0.85022500000000001 0.52372399999999997 -0.053140899999999998 0 
-0.80576199999999998 0.58680900000000003 -0.080154900000000001 0 
-0.88993199999999995 0.45593800000000001 -0.0123812 0 
-0.92258799999999996 0.38460499999999997 0.030167900000000001 0 
-0.83732200000000001 0.54657699999999998 0.0108632 0 
-0.845688 0.52250600000000003 0.108656 0 
-0.80961899999999998 0.58335999999999999 0.065032099999999995 0 
-0.97161500000000001 0.150753 0.18228900000000001 0 
-0.95076400000000005 0.20463100000000001 0.23269699999999999 0 
-0.91172600000000004 0.293379 0.287547 0 
-0.96912900000000002 0.21177599999999999 0.126302 0 
-0.94903199999999999 0.30859900000000001 0.064035499999999995 0 
-0.778775 0.40628399999999998 0.477883 0 
-0.72661399999999998 0.454148 0.51548000000000005 0 
-0.78635999999999995 0.45633899999999999 0.41633100000000001 0 
-0.82074000000000003 0.36103200000000002 0.44278299999999998 0 
-0.86360700000000001 0.34453400000000001 0.368085 0 
-0.85717399999999999 0.28141500000000003 0.43131000000000003 0 
-0.84741900000000003 0.32862799999999998 0.41415099999999999 0 
-0.77261299999999999 0.35132799999999997 0.52880700000000003 0 
-0.76063899999999995 0.29453499999999999 0.57847199999999999 0 
-0.71500600000000003 0.34445399999999998 0.60837799999999997 0 
-0.94540800000000003 0.078339099999999995 0.31632199999999999 0 
-0.96648299999999998 0.093747499999999997 0.23904700000000001 0 
-0.91415400000000002 0.072815400000000002 0.398789 0 
-0.87524000000000002 0.068142900000000006 0.47886400000000001 0 
-0.93482600000000005 0.14635500000000001 0.32349800000000001 0 
-0.89685499999999996 0.21626300000000001 0.38585799999999998 0 
-0.926597 0.215388 0.30829600000000001 0 
-0.70577800000000002 0.073194599999999999 0.70463600000000004 0 
-0.64720699999999998 0.092838100000000007 0.75665400000000005 0 
-0.71525399999999995 0.145763 0.683477 0 
-0.68527800000000005 0.21846399999999999 0.69475699999999996 0 
-0.73438300000000001 0.242951 0.63376299999999997 0 
-0.76119099999999995 0.056436300000000002 0.64607700000000001 0 
-0.83131100000000002 0.0549276 0.55308299999999999 0 
-0.77542900000000003 -0.40687699999999999 0.48279300000000003 0 
-0.72398099999999999 -0.456094 0.51746300000000001 0 
-0.76326799999999995 -0.36176199999999997 0.53531600000000001 0 
-0.71644699999999994 -0.34424500000000002 0.60679899999999998 0 
-0.76976999999999995 -0.28056700000000001 0.57333100000000004 0 
-0.74994099999999997 -0.32855299999999998 0.57208000000000003 0 
-0.81855800000000001 -0.35319099999999998 0.453011 0 
-0.85794599999999999 -0.29911100000000002 0.41762300000000002 0 
-0.70492100000000002 -0.069680199999999998 0.70584899999999995 0 
-0.64601699999999995 -0.090866000000000002 0.75790999999999997 0 
-0.69135000000000002 0.0015533000000000001 0.72249200000000002 0 
-0.75842299999999996 -0.046289900000000002 0.65012499999999995 0 
-0.79719799999999996 0.0036509300000000001 0.60372400000000004 0 
-0.82770100000000002 -0.048750799999999997 0.55904500000000001 0 
-0.71467899999999995 -0.13846700000000001 0.68559400000000004 0 
-0.75522699999999998 -0.208897 0.621282 0 
-0.69496199999999997 -0.211893 0.68713100000000005 0 
-0.94327899999999998 -0.079572599999999993 0.32230799999999998 0 
-0.95178799999999997 7.3780000000000002e-05 0.30669000000000002 0 
-0.93201599999999996 -0.15048900000000001 0.32965100000000003 0 
-0.89562399999999998 -0.252135 0.36644199999999999 0 
-0.90830200000000005 -0.080190999999999998 0.41057300000000002 0 
-0.86747799999999997 -0.068659300000000006 0.49271300000000001 0 
-0.87988100000000002 -0.00018669800000000001 0.47520099999999998 0 
-0.803616 -0.48276200000000002 0.34795399999999999 0 
-0.78584500000000002 -0.45404899999999998 0.41979100000000003 0 
-0.84118099999999996 -0.42369800000000002 0.33601900000000001 0 
-0.86382999999999999 -0.34645599999999999 0.36574800000000002 0 
-0.88582300000000003 -0.36750699999999997 0.283244 0 
-0.86398699999999995 -0.378834 0.32806999999999997 0 
-0.82080500000000001 -0.49986599999999998 0.27642600000000001 0 
-0.832345 -0.51593699999999998 0.20239299999999999 0 
-0.96996300000000002 -0.15506600000000001 0.18739900000000001 0 
-0.96538000000000002 -0.095100599999999993 0.24293699999999999 0 
-0.96422300000000005 -0.227268 0.13650999999999999 0 
-0.950318 -0.29924800000000001 0.085705799999999999 0 
-0.95086000000000004 -0.19819600000000001 0.237812 0 
-0.92084100000000002 -0.29232000000000002 0.25807999999999998 0 
-0.92781800000000003 -0.22345899999999999 0.298732 0 
-0.851248 -0.52146999999999999 -0.058632200000000002 0 
-0.84217799999999998 -0.53895400000000004 0.0154448 0 
-0.831063 -0.54167699999999996 0.12617300000000001 0 
-0.89041499999999996 -0.454098 -0.031099399999999999 0 
-0.93143799999999999 -0.36274699999999999 0.028873300000000001 0 
-0.71227099999999999 -0.61141000000000001 0.34464 0 
-0.75708900000000001 -0.54694600000000004 0.35721799999999998 0 
-0.73878200000000005 -0.61369200000000002 0.27856599999999998 0 
-0.78917800000000005 -0.57377900000000004 0.21904799999999999 0 
-0.73923499999999998 -0.64445699999999995 0.19539100000000001 0 
-0.75578400000000001 -0.61092299999999999 0.23066999999999999 0 
-0.66928699999999997 -0.66948300000000005 0.32225199999999998 0 
-0.62092700000000001 -0.72438400000000003 0.29944900000000002 0 
-0.76082499999999997 -0.64677200000000001 -0.053140899999999998 0 
-0.80708299999999999 -0.58499100000000004 -0.080154900000000001 0 
-0.70862700000000001 -0.70548299999999997 -0.0123812 0 
-0.65087600000000001 -0.75858400000000004 0.030167900000000001 0 
-0.77857200000000004 -0.62743899999999997 0.0108632 0 
-0.75826400000000005 -0.64283400000000002 0.108656 0 
-0.80499399999999999 -0.58972500000000005 0.065032099999999995 0 
-0.44362000000000001 -0.87747600000000003 0.18228900000000001 0 
-0.48841800000000002 -0.84099599999999997 0.23269699999999999 0 
-0.56075900000000001 -0.77644400000000002 0.287547 0 
-0.500888 -0.85625399999999996 0.126302 0 
-0.58676200000000001 -0.80722099999999997 0.064035599999999998 0 
-0.627054 -0.61511099999999996 0.477883 0 
-0.65645600000000004 -0.55071199999999998 0.51548000000000005 0 
-0.67700199999999999 -0.60685599999999995 0.41633100000000001 0 
-0.59698499999999999 -0.66900499999999996 0.44278299999999998 0 
-0.59453999999999996 -0.71487199999999995 0.368085 0 
-0.53252299999999997 -0.72825899999999999 0.43131000000000003 0 
-0.57440999999999998 -0.70439200000000002 0.41415099999999999 0 
-0.57288300000000003 -0.62623300000000004 0.52880700000000003 0 
-0.51517000000000002 -0.63239500000000004 0.57847199999999999 0 
-0.54854499999999995 -0.573569 0.60837799999999997 0 
-0.36665199999999998 -0.87492800000000004 0.31632199999999999 0 
-0.38781900000000002 -0.89021099999999997 0.23904700000000001 0 
-0.35174100000000003 -0.84691099999999997 0.398789 0 
-0.33527200000000001 -0.81134600000000001 0.47886400000000001 0 
-0.42806899999999998 -0.84384700000000001 0.32349800000000001 0 
-0.48282199999999997 -0.78613100000000002 0.38585799999999998 0 
-0.49118000000000001 -0.81468799999999997 0.30829600000000001 0 
-0.28770899999999999 -0.64861599999999997 0.70463600000000004 0 
-0.28829199999999999 -0.58684199999999997 0.75665499999999997 0 
-0.35965399999999997 -0.63520299999999996 0.683477 0 
-0.41953400000000002 -0.584229 0.69475699999999996 0 
-0.45799699999999999 -0.623363 0.63376299999999997 0 
-0.28889500000000001 -0.70649600000000001 0.64607700000000001 0 
-0.30912800000000001 -0.77364999999999995 0.55308400000000002 0 
0.147343 -0.863209 0.48279300000000003 0 
0.21004900000000001 -0.829488 0.51746300000000001 0 
0.108194 -0.83770199999999995 0.53531600000000001 0 
0.106002 -0.78775899999999999 0.60680000000000001 0 
0.028962999999999999 -0.81879400000000002 0.57333100000000004 0 
0.080727800000000002 -0.81476499999999996 0.57208000000000003 0 
0.082956100000000005 -0.88763700000000001 0.453011 0 
0.019351799999999999 -0.908385 0.41762300000000002 0 
-0.151563 -0.69195200000000001 0.70584899999999995 0 
-0.11321100000000001 -0.64247699999999996 0.75790999999999997 0 
-0.215115 -0.65703299999999998 0.72249200000000002 0 
-0.19034100000000001 -0.73560800000000004 0.65012499999999995 0 
-0.24981999999999999 -0.75705199999999995 0.60372400000000004 0 
-0.20940900000000001 -0.80225599999999997 0.55904500000000001 0 
-0.089157600000000004 -0.72248900000000005 0.68559499999999995 0 
-0.034705 -0.78281599999999996 0.621282 0 
-0.013233200000000001 -0.72642600000000002 0.68713100000000005 0 
-0.215811 -0.92170099999999999 0.32230799999999998 0 
-0.29418899999999998 -0.90518100000000001 0.30669000000000002 0 
-0.14488500000000001 -0.93290300000000004 0.32965100000000003 0 
-0.036968000000000001 -0.92970299999999995 0.36644199999999999 0 
-0.20441500000000001 -0.88862699999999994 0.41057300000000002 0 
-0.202766 -0.84623700000000002 0.49271300000000001 0 
-0.27172099999999999 -0.83687400000000001 0.47520099999999998 0 
0.21080299999999999 -0.91346499999999997 0.34795399999999999 0 
0.18898699999999999 -0.88769200000000004 0.41979100000000003 0 
0.14302100000000001 -0.93094100000000002 0.33601900000000001 0 
0.0625613 -0.92861199999999999 0.36574800000000002 0 
0.075785400000000003 -0.95603400000000005 0.283244 0 
0.093306299999999995 -0.93876599999999999 0.32806999999999997 0 
0.22175800000000001 -0.93510000000000004 0.27642600000000001 0 
0.23347699999999999 -0.95104 0.20239299999999999 0 
-0.152258 -0.97040800000000005 0.18739900000000001 0 
-0.207873 -0.947519 0.24293699999999999 0 
-0.081816799999999995 -0.98726000000000003 0.13650999999999999 0 
-0.0090622700000000007 -0.99627900000000003 0.085705799999999999 0 
-0.105336 -0.96556799999999998 0.237812 0 
-0.0065429800000000003 -0.96610399999999996 0.25807999999999998 0 
-0.074189900000000003 -0.95145999999999997 0.298732 0 
0.23289699999999999 -0.97072800000000004 -0.058632200000000002 0 
0.252328 -0.96750499999999995 0.0154448 0 
0.258353 -0.95777500000000004 0.12617300000000001 0 
0.15672 -0.98715900000000001 -0.031099399999999999 0 
0.0571628 -0.99794499999999997 0.028873300000000001 0 
0.36138100000000001 -0.86634599999999995 0.34464 0 
0.28622300000000001 -0.88905000000000001 0.35721799999999998 0 
0.35535899999999998 -0.89226399999999995 0.27856599999999998 0 
0.30182700000000001 -0.92786100000000005 0.21904799999999999 0 
0.38447900000000002 -0.90220199999999995 0.19539100000000001 0 
0.347472 -0.907578 0.23066999999999999 0 
0.42989500000000003 -0.84341200000000005 0.32225199999999998 0 
0.49705300000000002 -0.814384 0.29944900000000002 0 
0.38000899999999999 -0.92345100000000002 -0.053140899999999998 0 
0.30695699999999998 -0.94835400000000003 -0.080154900000000001 0 
0.45197700000000002 -0.89195000000000002 -0.0123812 0 
0.52032500000000004 -0.85343599999999997 0.030167900000000001 0 
0.35613800000000001 -0.93435500000000005 0.0108632 0 
0.37705499999999997 -0.91979900000000003 0.108656 0 
0.31210500000000002 -0.94782999999999995 0.065032099999999995 0 
0.69744300000000004 -0.69306299999999998 0.18228900000000001 0 
0.64890499999999995 -0.72439500000000001 0.23269699999999999 0 
0.56515800000000005 -0.77324800000000005 0.287547 0 
0.65956300000000001 -0.74097000000000002 0.126302 0 
0.58639300000000005 -0.80748900000000001 0.064035499999999995 0 
0.39123400000000003 -0.78644400000000003 0.477883 0 
0.32090200000000002 -0.79450600000000005 0.51548000000000005 0 
0.36794900000000003 -0.83139600000000002 0.41633100000000001 0 
0.45178299999999999 -0.77449999999999997 0.44278299999999998 0 
0.49616100000000002 -0.78634899999999996 0.368085 0 
0.528057 -0.73150400000000004 0.43131000000000003 0 
0.49241400000000002 -0.76396500000000001 0.41415099999999999 0 
0.41855199999999998 -0.73836000000000002 0.52880899999999997 0 
0.442247 -0.68537099999999995 0.57847800000000005 0 
0.37598599999999999 -0.69893799999999995 0.60838000000000003 0 
0.718804 -0.61907400000000001 0.31632199999999999 0 
0.72679800000000006 -0.64392799999999994 0.23904700000000001 0 
0.69676700000000003 -0.59623400000000004 0.39878999999999998 0 
0.66803199999999996 -0.569577 0.47886899999999999 0 
0.670265 -0.66788000000000003 0.32349899999999998 0 
0.59845499999999996 -0.70211900000000005 0.38585999999999998 0 
0.623031 -0.71889199999999998 0.30829600000000001 0 
0.52799099999999999 -0.47370600000000002 0.70485399999999998 0 
0.46904800000000002 -0.45478000000000002 0.75709400000000004 0 
0.49292200000000003 -0.53829199999999999 0.68355299999999997 0 
0.42596699999999998 -0.57945800000000003 0.69483799999999996 0 
0.45132 -0.62818600000000002 0.63379099999999999 0 
0.58272000000000002 -0.49288999999999999 0.64614899999999997 0 
0.64027100000000003 -0.53304499999999999 0.55309299999999995 0 
0.86653000000000002 -0.126695 0.482705 0 
0.85390900000000003 -0.056790199999999999 0.51725399999999999 0 
0.83029399999999998 -0.15617600000000001 0.53500700000000001 0 
0.78278000000000003 -0.143983 0.60541800000000001 0 
0.78778199999999998 -0.22557099999999999 0.57313999999999998 0 
0.80013800000000002 -0.17546400000000001 0.57150800000000002 0 
0.869842 -0.195437 0.45296700000000001 0 
0.86990299999999998 -0.26233000000000001 0.41761199999999998 0 
0.61218300000000003 -0.35708699999999999 0.70548699999999998 0 
0.57868200000000003 -0.30355900000000002 0.75696799999999997 0 
0.55874900000000005 -0.40670400000000001 0.72274000000000005 0 
0.64121600000000001 -0.40804600000000002 0.64988599999999996 0 
0.64290999999999998 -0.47142499999999998 0.60369300000000004 0 
0.69833800000000001 -0.44707400000000003 0.55896900000000005 0 
0.660717 -0.30870900000000001 0.68420199999999998 0 
0.73486399999999996 -0.27588000000000001 0.61956500000000003 0 
0.69011900000000004 -0.23925399999999999 0.68301800000000001 0 
0.80990099999999998 -0.49007000000000001 0.32230799999999998 0 
0.76996900000000001 -0.55950599999999995 0.30668899999999999 0 
0.842472 -0.42607899999999999 0.32964900000000003 0 
0.872776 -0.32246599999999997 0.36643199999999998 0 
0.78197099999999997 -0.46901599999999999 0.41055900000000001 0 
0.74217699999999998 -0.45436500000000002 0.49266900000000002 0 
0.71195399999999998 -0.51702999999999999 0.475192 0 
0.93390200000000001 -0.081801200000000004 0.34794599999999998 0 
0.90265899999999999 -0.094616099999999995 0.41975400000000002 0 
0.92957400000000001 -0.15166099999999999 0.33601399999999998 0 
0.90249500000000005 -0.227466 0.36574299999999998 0 
0.93266099999999996 -0.223355 0.283244 0 
0.92165299999999994 -0.20135800000000001 0.32806800000000003 0 
0.95786000000000004 -0.078060599999999994 0.27642299999999997 0 
0.97664099999999998 -0.0718385 0.20239299999999999 0 
0.87586200000000003 -0.44467899999999999 0.18739900000000001 0 
0.83690799999999999 -0.49049799999999999 0.24293699999999999 0 
0.91365799999999997 -0.38289299999999998 0.13650999999999999 0 
0.94471700000000003 -0.31648599999999999 0.085705799999999999 0 
0.88575899999999996 -0.39855800000000002 0.23781099999999999 0 
0.91679699999999997 -0.30476599999999998 0.258079 0 
0.88196600000000003 -0.36457899999999999 0.29872900000000002 0 
0.99518600000000002 -0.078473000000000001 -0.058632200000000002 0 
0.99812599999999996 -0.058996899999999998 0.015445 0 
0.990734 -0.050260899999999997 0.12617300000000001 0 
0.98727399999999998 -0.156 -0.031099399999999999 0 
0.96676700000000004 -0.25401699999999999 0.028873300000000001 0 
0.93561399999999995 0.075961100000000004 0.34465299999999999 0 
0.93398899999999996 -0.0025473599999999998 0.35720499999999999 0 
0.95840099999999995 0.062237099999999997 0.278586 0 
0.97571699999999995 0.00032809099999999997 0.21904899999999999 0 
0.97685500000000003 0.086865399999999995 0.19539500000000001 0 
0.97053199999999995 0.0500069 0.23067599999999999 0 
0.93491199999999997 0.14820800000000001 0.32244800000000001 0 
0.92791800000000002 0.221164 0.30000900000000003 0 
0.99568299999999998 0.076048299999999999 -0.05314 0 
0.99679300000000004 -0.00112396 -0.080154699999999995 0 
0.98796300000000004 0.15423100000000001 -0.012370600000000001 0 
0.97245000000000004 0.23114399999999999 0.0302067 0 
0.99867700000000004 0.049976600000000003 0.0108676 0 
0.99129599999999995 0.074368699999999996 0.108666 0 
0.99788600000000005 0.0039346099999999998 0.065034700000000001 0 
0.87416799999999995 0.44981900000000002 0.18299099999999999 0 
0.88859699999999997 0.39409100000000002 0.234648 0 
0.90912700000000002 0.29928100000000002 0.28968699999999997 0 
0.90835200000000005 0.39861799999999997 0.12653800000000001 0 
0.94913499999999995 0.30824400000000002 0.0642128 0 
0.86880500000000005 0.128496 0.47811700000000001 0 
0.85483600000000004 0.059252399999999997 0.51544400000000001 0 
0.90438499999999999 0.092844099999999999 0.41641899999999998 0 
0.87603799999999998 0.18942600000000001 0.44349499999999997 0 
0.90063599999999999 0.22888900000000001 0.36942000000000003 0 
0.85826899999999995 0.27680900000000003 0.432114 0 
0.878359 0.23214599999999999 0.41500100000000001 0 
0.831403 0.16761499999999999 0.52978800000000004 0 
0.78822899999999996 0.20302300000000001 0.58088200000000001 0 
0.78067200000000003 0.13861200000000001 0.60938000000000003 0 
0.80654000000000003 0.50022599999999995 0.31505300000000003 0 
0.83530199999999999 0.49485499999999999 0.23960799999999999 0 
0.77203299999999997 0.56261000000000005 0.29562899999999998 0 
0.77217199999999997 0.50343800000000005 0.38769900000000002 0 
0.72349699999999995 0.52926700000000004 0.44322499999999998 0 
0.73316599999999998 0.47051599999999999 0.49099799999999999 0 
0.83527600000000002 0.43793399999999999 0.33242699999999997 0 
0.84548500000000004 0.35656500000000002 0.39750999999999997 0 
0.87294099999999997 0.37320500000000001 0.31418400000000002 0 
0.621699 0.351914 0.69974099999999995 0 
0.56637000000000004 0.410827 0.71442600000000001 0 
0.57826299999999997 0.30436299999999999 0.75696600000000003 0 
0.66552199999999995 0.29284100000000002 0.68650800000000001 0 
0.68063499999999999 0.21548400000000001 0.70023000000000002 0 
0.736842 0.22220899999999999 0.63849900000000004 0 
0.67324099999999998 0.38896900000000001 0.62885800000000003 0 
0.71107500000000001 0.430755 0.55571599999999999 0 
0.66253799999999996 0.48053299999999999 0.57457599999999998 0 
-0.388297 0.78464 -0.483213 0 
-0.317631 0.79443200000000003 -0.51761699999999999 0 
-0.40486499999999997 0.74064300000000005 -0.53623500000000002 0 
-0.376301 0.69923800000000003 -0.60784099999999996 0 
-0.45677099999999998 0.67976300000000001 -0.57380600000000004 0 
-0.41298200000000002 0.70637700000000003 -0.57281400000000005 0 
-0.45527099999999998 0.76557699999999995 -0.45455400000000001 0 
-0.52026099999999997 0.74295199999999995 -0.42107299999999998 0 
-0.52502099999999996 0.477601 -0.70444499999999999 0 
-0.46728599999999998 0.45485399999999998 -0.75813799999999998 0 
-0.576677 0.50856199999999996 -0.63939100000000004 0 
-0.62325299999999995 0.53682700000000005 -0.56865900000000003 0 
-0.48625600000000002 0.53400800000000004 -0.69163699999999995 0 
-0.47658800000000001 0.61353800000000003 -0.62963599999999997 0 
-0.43169099999999999 0.57982900000000004 -0.69098599999999999 0 
-0.72300200000000003 0.61523799999999995 -0.31423400000000001 0 
-0.66777500000000001 0.66676299999999999 -0.330872 0 
-0.58111400000000002 0.72434799999999999 -0.37097999999999998 0 
-0.71034600000000003 0.585179 -0.39113500000000001 0 
-0.66896699999999998 0.553562 -0.496033 0 
-0.365867 0.86302699999999999 -0.348215 0 
-0.36881000000000003 0.82913999999999999 -0.42005199999999998 0 
-0.43043500000000001 0.83756900000000001 -0.336478 0 
-0.49545899999999998 0.78760699999999995 -0.36633500000000002 0 
-0.499863 0.81878200000000001 -0.28231800000000001 0 
-0.47564200000000001 0.81467199999999995 -0.32819300000000001 0 
-0.36787799999999998 0.88761999999999996 -0.27712100000000001 0 
-0.36427599999999999 0.90857600000000005 -0.20430300000000001 0 
-0.69913700000000001 0.69202300000000005 -0.179731 0 
-0.72828099999999996 0.64296699999999996 -0.23711199999999999 0 
-0.74214000000000002 0.657358 -0.13065499999999999 0 
-0.66642800000000002 0.73574799999999996 -0.12066399999999999 0 
-0.65128799999999998 0.75738700000000003 -0.047018299999999999 0 
-0.59242499999999998 0.803118 -0.063494900000000007 0 
-0.65420500000000004 0.72190699999999997 -0.225492 0 
-0.57157899999999995 0.78262799999999999 -0.24655199999999999 0 
-0.62103200000000003 0.72618300000000002 -0.29495199999999999 0 
-0.38341399999999998 0.92226900000000001 0.049042500000000003 0 
-0.405335 0.90525299999999997 0.127196 0 
-0.35593999999999998 0.93425499999999995 -0.021026799999999998 0 
-0.34177099999999999 0.93058200000000002 -0.131163 0 
-0.45807399999999998 0.88892099999999996 -0.00070739499999999999 0 
-0.53086500000000003 0.84655000000000002 -0.0391559 0 
-0.54631300000000005 0.83702900000000002 0.0305256 0 
-0.21657999999999999 0.91316399999999998 -0.34518500000000002 0 
-0.29063 0.88750600000000002 -0.35749799999999998 0 
-0.236044 0.93062400000000001 -0.27970299999999998 0 
-0.29787200000000003 0.92891699999999999 -0.21998000000000001 0 
-0.217917 0.95625099999999996 -0.195108 0 
-0.25069200000000003 0.93878899999999998 -0.23122100000000001 0 
-0.14741699999999999 0.93435199999999996 -0.32443 0 
-0.075749999999999998 0.94933599999999996 -0.30491099999999999 0 
-0.232101 0.97077999999999998 0.0608806 0 
-0.307672 0.94814299999999996 0.079900200000000005 0 
-0.21349899999999999 0.96782599999999996 0.13301399999999999 0 
-0.155725 0.98694700000000002 0.041191400000000003 0 
-0.0786776 0.99555199999999999 0.052032700000000001 0 
-0.060020999999999998 0.99795500000000004 -0.021941800000000001 0 
-0.247086 0.96894599999999997 -0.0084967399999999992 0 
-0.219613 0.96945400000000004 -0.109195 0 
-0.29286299999999998 0.95378700000000005 -0.0673956 0 
0.146788 0.97184899999999996 -0.18426300000000001 0 
0.203766 0.97087599999999996 -0.12584899999999999 0 
0.099156999999999995 0.96612799999999999 -0.23819199999999999 0 
0.0028314799999999999 0.95450100000000004 -0.29818499999999998 0 
0.066955399999999998 0.988483 -0.13576199999999999 0 
-0.00466162 0.996915 -0.078341999999999995 0 
0.049504600000000003 0.99829400000000001 -0.031065700000000002 0 
-0.145648 0.86614800000000003 -0.47802099999999997 0 
-0.20735000000000001 0.83136600000000005 -0.51553400000000005 0 
-0.19086600000000001 0.88876599999999994 -0.41665799999999997 0 
-0.089446100000000001 0.89200900000000005 -0.44309500000000002 0 
-0.060428799999999998 0.92702799999999996 -0.37010100000000001 0 
-0.0019809300000000001 0.90241899999999997 -0.43082199999999998 0 
-0.050051199999999997 0.907331 -0.41455900000000001 0 
-0.095324900000000004 0.84335899999999997 -0.52882799999999996 0 
-0.0450488 0.81442199999999998 -0.57848100000000002 0 
-0.106639 0.78645100000000001 -0.60838300000000001 0 
0.21665200000000001 0.92362299999999997 -0.31618800000000002 0 
0.20594199999999999 0.94892200000000004 -0.23907600000000001 0 
0.21293500000000001 0.89199499999999998 -0.39876699999999998 0 
0.205591 0.85348199999999996 -0.478854 0 
0.148952 0.93387799999999999 -0.32505000000000001 0 
0.071379799999999993 0.91899299999999995 -0.38776500000000003 0 
0.081290100000000004 0.946299 -0.31293900000000002 0 
0.14871599999999999 0.69358200000000003 -0.70485399999999998 0 
0.112155 0.64362399999999997 -0.75709400000000004 0 
0.082383399999999996 0.725217 -0.68355600000000005 0 
0.0040213100000000002 0.719167 -0.69484100000000004 0 
-0.0041078099999999999 0.77349000000000001 -0.63379399999999997 0 
0.18171699999999999 0.74126999999999998 -0.64615 0 
0.20465800000000001 0.80759800000000004 -0.55308000000000002 0 
-0.86622699999999997 -0.126829 -0.483213 0 
-0.85370000000000001 -0.056612200000000001 -0.51761800000000002 0 
-0.82950299999999999 -0.15618299999999999 -0.53623399999999999 0 
-0.78129899999999997 -0.141817 -0.60783799999999999 0 
-0.78764299999999998 -0.224357 -0.57380600000000004 0 
-0.79942299999999999 -0.17449000000000001 -0.57281300000000002 0 
-0.86879300000000004 -0.196413 -0.45455400000000001 0 
-0.86735899999999999 -0.26521299999999998 -0.42107299999999998 0 
-0.61646599999999996 -0.351738 -0.70444499999999999 0 
-0.57699100000000003 -0.30385800000000002 -0.75813799999999998 0 
-0.66187499999999999 -0.39129799999999998 -0.63939100000000004 0 
-0.70314900000000002 -0.42686000000000002 -0.56865900000000003 0 
-0.65813299999999997 -0.29744100000000001 -0.69163699999999995 0 
-0.73078299999999996 -0.26367000000000002 -0.62963499999999994 0 
-0.68485099999999999 -0.23139000000000001 -0.69098300000000001 0 
-0.80854599999999999 -0.49749700000000002 -0.31423400000000001 0 
-0.84048299999999998 -0.42905100000000002 -0.330872 0 
-0.86846999999999996 -0.32883600000000002 -0.37097999999999998 0 
-0.77604700000000004 -0.49474899999999999 -0.39113500000000001 0 
-0.73319100000000004 -0.465165 -0.496033 0 
-0.93384699999999998 -0.081272300000000006 -0.348215 0 
-0.90252600000000005 -0.094547699999999998 -0.42005300000000001 0 
-0.92958700000000005 -0.15054500000000001 -0.336478 0 
-0.90216399999999997 -0.227826 -0.36633500000000002 0 
-0.93317499999999998 -0.22237999999999999 -0.28231800000000001 0 
-0.92178099999999996 -0.20061499999999999 -0.32819300000000001 0 
-0.95785699999999996 -0.075583700000000004 -0.27712199999999998 0 
-0.97667400000000004 -0.065681400000000001 -0.20430300000000001 0 
-0.87419800000000003 -0.45107199999999997 -0.179731 0 
-0.83654899999999999 -0.49394900000000003 -0.23711199999999999 0 
-0.85451900000000003 -0.50268199999999996 -0.13065499999999999 0 
-0.90567500000000001 -0.40645199999999998 -0.12066399999999999 0 
-0.92157599999999995 -0.38536599999999999 -0.047018299999999999 0 
-0.94688000000000005 -0.31525300000000001 -0.063494900000000007 0 
-0.88873500000000005 -0.39910400000000001 -0.225492 0 
-0.92095099999999996 -0.301759 -0.24655199999999999 0 
-0.88254999999999995 -0.366234 -0.29495199999999999 0 
-0.99561100000000002 -0.079651200000000005 0.049042500000000003 0 
-0.98620200000000002 -0.105758 0.127196 0 
-0.99851999999999996 -0.049818099999999997 -0.021026900000000001 0 
-0.990649 -0.037477799999999999 -0.131163 0 
-0.98696700000000004 -0.16096199999999999 -0.00070739700000000002 0 
-0.969163 -0.243284 -0.0391559 0 
-0.96488200000000002 -0.26091799999999998 0.0305256 0 
-0.93539099999999997 0.076192200000000002 -0.34520499999999998 0 
-0.93387600000000004 -0.00216074 -0.35750500000000002 0 
-0.95801000000000003 0.063082100000000002 -0.27972999999999998 0 
-0.97550000000000003 0.0037579499999999999 -0.21998200000000001 0 
-0.97678900000000002 0.088246699999999997 -0.195109 0 
-0.97030799999999995 0.0516777 -0.23122799999999999 0 
-0.93410899999999997 0.14849300000000001 -0.32463999999999998 0 
-0.92606299999999997 0.22137399999999999 -0.305529 0 
-0.99499000000000004 0.079246200000000003 0.060879999999999997 0 
-0.99681399999999998 0.00037891999999999998 0.079899999999999999 0 
-0.98643199999999998 0.096024799999999993 0.13301399999999999 0 
-0.98676399999999997 0.15688199999999999 0.041188599999999999 0 
-0.97113799999999995 0.23282 0.052030699999999999 0 
-0.96765699999999999 0.251307 -0.021947700000000001 0 
-0.99787599999999999 0.064429500000000001 -0.0084995799999999996 0 
-0.98987000000000003 0.090714500000000003 -0.10920100000000001 0 
-0.99760400000000005 0.016207900000000001 -0.067397200000000004 0 
-0.87859299999999996 0.44009199999999998 -0.18543000000000001 0 
-0.86021300000000001 0.49413000000000001 -0.125808 0 
-0.88761500000000004 0.391154 -0.243115 0 
-0.90593699999999999 0.29816399999999998 -0.30061599999999999 0 
-0.919323 0.36921999999999999 -0.13614599999999999 0 
-0.94954499999999997 0.30366900000000002 -0.078406100000000006 0 
-0.93411699999999998 0.35562199999999999 -0.0310824 0 
-0.86870800000000004 0.128578 -0.478271 0 
-0.854715 0.059460199999999998 -0.51561999999999997 0 
-0.90421300000000004 0.092956200000000003 -0.41676999999999997 0 
-0.87583200000000005 0.18948999999999999 -0.44387300000000002 0 
-0.89980099999999996 0.22905700000000001 -0.37134600000000001 0 
-0.85816999999999999 0.276785 -0.43232599999999999 0 
-0.87799899999999997 0.23219000000000001 -0.41573199999999999 0 
-0.83135300000000001 0.16787099999999999 -0.52978499999999995 0 
-0.78829899999999997 0.20369799999999999 -0.58055100000000004 0 
-0.78079299999999996 0.139678 -0.60898200000000002 0 
-0.807257 0.49912000000000001 -0.31497199999999997 0 
-0.83731800000000001 0.49122199999999999 -0.24004500000000001 0 
-0.77304300000000004 0.56177999999999995 -0.294568 0 
-0.77247200000000005 0.50303399999999998 -0.38762600000000003 0 
-0.72362099999999996 0.52926600000000001 -0.443025 0 
-0.73316899999999996 0.47052100000000002 -0.49098999999999998 0 
-0.83507200000000004 0.43689499999999998 -0.33430199999999999 0 
-0.84470599999999996 0.35611399999999999 -0.399563 0 
-0.871529 0.37186000000000002 -0.31964999999999999 0 
-0.62226800000000004 0.35286400000000001 -0.69875600000000004 0 
-0.56667900000000004 0.41054299999999999 -0.71434399999999998 0 
-0.58067299999999999 0.30474099999999998 -0.754965 0 
-0.66449199999999997 0.29982999999999999 -0.68448900000000001 0 
-0.68325000000000002 0.222162 -0.69558200000000003 0 
-0.73758100000000004 0.224883 -0.63670700000000002 0 
-0.67338299999999995 0.38943 -0.62842100000000001 0 
-0.71108400000000005 0.430898 -0.55559400000000003 0 
-0.66256999999999999 0.480574 -0.57450500000000004 0 
-0.14705699999999999 -0.86302299999999998 -0.483213 0 
-0.20996600000000001 -0.82941100000000001 -0.51761800000000002 0 
-0.107791 -0.83716800000000002 -0.53623399999999999 0 
-0.106558 -0.786883 -0.60783799999999999 0 
-0.030018699999999999 -0.81842300000000001 -0.57380600000000004 0 
-0.081085599999999994 -0.81421699999999997 -0.57281300000000002 0 
-0.0816717 -0.88696699999999995 -0.45455400000000001 0 
-0.0157956 -0.90686299999999997 -0.42107299999999998 0 
0.14402400000000001 -0.69498700000000002 -0.70444499999999999 0 
0.11068600000000001 -0.64264900000000003 -0.75813799999999998 0 
0.16761599999999999 -0.75039800000000001 -0.63939100000000004 0 
0.18868299999999999 -0.80064100000000005 -0.56865900000000003 0 
0.079508499999999996 -0.71783600000000003 -0.69163699999999995 0 
0.024940500000000001 -0.77649500000000005 -0.62963499999999994 0 
0.00843468 -0.72283600000000003 -0.69098300000000001 0 
0.22329299999999999 -0.92270799999999997 -0.31423400000000001 0 
0.14832799999999999 -0.93193099999999995 -0.330872 0 
0.04437 -0.92757999999999996 -0.37097999999999998 0 
0.23072200000000001 -0.89095100000000005 -0.39113500000000001 0 
0.21582999999999999 -0.84104999999999996 -0.496033 0 
-0.21128 -0.91325500000000004 -0.348215 0 
-0.18897600000000001 -0.88756999999999997 -0.42005300000000001 0 
-0.14408099999999999 -0.93061099999999997 -0.336478 0 
-0.062108700000000003 -0.92841200000000002 -0.36633500000000002 0 
-0.076870599999999997 -0.95622099999999999 -0.28231800000000001 0 
-0.094050099999999998 -0.93865900000000002 -0.32819300000000001 0 
-0.22411 -0.93433299999999997 -0.27712199999999998 0 
-0.239342 -0.94916900000000004 -0.20430300000000001 0 
0.15885299999999999 -0.97080100000000003 -0.179731 0 
0.21126600000000001 -0.94824399999999998 -0.23711199999999999 0 
0.21401800000000001 -0.96803300000000003 -0.13065499999999999 0 
0.10668999999999999 -0.98694899999999997 -0.12066399999999999 0 
0.081722000000000003 -0.995556 -0.047018299999999999 0 
0.0072211300000000001 -0.99795500000000004 -0.063494900000000007 0 
0.104936 -0.96856699999999996 -0.225492 0 
0.0024001999999999999 -0.96912500000000001 -0.24655199999999999 0 
0.075585899999999998 -0.95252800000000004 -0.29495199999999999 0 
-0.231908 -0.97149600000000003 0.049042500000000003 0 
-0.20417199999999999 -0.97061500000000001 0.127196 0 
-0.26118000000000002 -0.96504400000000001 -0.021026900000000001 0 
-0.270484 -0.95374499999999995 -0.131163 0 
-0.15190600000000001 -0.988402 -0.00070739000000000002 0 
-0.068111199999999997 -0.99690800000000002 -0.0391559 0 
-0.050017100000000002 -0.99828499999999998 0.0305256 0 
-0.36151499999999998 -0.86606499999999997 -0.34520499999999998 0 
-0.286528 -0.88883599999999996 -0.35750500000000002 0 
-0.35603600000000002 -0.89162799999999998 -0.27972999999999998 0 
-0.30502000000000001 -0.92659400000000003 -0.21998200000000001 0 
-0.385772 -0.90171199999999996 -0.195109 0 
-0.34899000000000002 -0.90684900000000002 -0.23122799999999999 0 
-0.42987999999999998 -0.842503 -0.32463999999999998 0 
-0.49670900000000001 -0.81233 -0.305529 0 
-0.38283600000000001 -0.92180300000000004 0.060879999999999997 0 
-0.30839299999999997 -0.947909 0.079899999999999999 0 
-0.39614899999999997 -0.90847999999999995 0.13301399999999999 0 
-0.45412999999999998 -0.88998900000000003 0.041188599999999999 0 
-0.52152299999999996 -0.85166200000000003 0.052030800000000002 0 
-0.53803000000000001 -0.842638 -0.021947700000000001 0 
-0.36963699999999999 -0.92912700000000004 -0.0084995799999999996 0 
-0.39216099999999998 -0.91339000000000004 -0.10920100000000001 0 
-0.32369100000000001 -0.94377 -0.067397200000000004 0 
-0.69005300000000003 -0.69959499999999997 -0.18543000000000001 0 
-0.73576600000000003 -0.66541600000000001 -0.125808 0 
-0.64629800000000004 -0.72329900000000003 -0.243115 0 
-0.56352100000000005 -0.76946000000000003 -0.30061599999999999 0 
-0.63523499999999999 -0.76023300000000005 -0.13614599999999999 0 
-0.58223199999999997 -0.80923199999999995 -0.078406100000000006 0 
-0.62687400000000004 -0.77850399999999997 -0.0310824 0 
-0.39073099999999999 -0.78645799999999999 -0.478271 0 
-0.32067200000000001 -0.79450799999999999 -0.51561999999999997 0 
-0.36782399999999998 -0.83123199999999997 -0.41676999999999997 0 
-0.45086300000000001 -0.77441000000000004 -0.44387300000000002 0 
-0.49590000000000001 -0.78497899999999998 -0.37134600000000001 0 
-0.52842699999999998 -0.73063699999999998 -0.43232599999999999 0 
-0.492143 -0.76327599999999995 -0.41573199999999999 0 
-0.41655700000000001 -0.73878900000000003 -0.52978499999999995 0 
-0.43732599999999999 -0.68677100000000002 -0.58055100000000004 0 
-0.37412000000000001 -0.69941500000000001 -0.60898200000000002 0 
-0.72414699999999999 -0.61351100000000003 -0.31497199999999997 0 
-0.72592599999999996 -0.64454 -0.24004500000000001 0 
-0.77316799999999997 -0.561608 -0.294568 0 
-0.71712100000000001 -0.57921900000000004 -0.38762600000000003 0 
-0.72697299999999998 -0.52465200000000001 -0.443025 0 
-0.67405300000000001 -0.55188599999999999 -0.49098999999999998 0 
-0.67356300000000002 -0.659192 -0.33430199999999999 0 
-0.59971300000000005 -0.69331699999999996 -0.399563 0 
-0.62297800000000003 -0.71396199999999999 -0.31964999999999999 0 
-0.52788500000000005 -0.48277100000000001 -0.69875600000000004 0 
-0.56556300000000004 -0.412078 -0.71434399999999998 0 
-0.46926400000000001 -0.45808300000000002 -0.754965 0 
-0.49049500000000001 -0.53931700000000005 -0.68448900000000001 0 
-0.42242499999999999 -0.58115799999999995 -0.69558200000000003 0 
-0.441801 -0.63198900000000002 -0.63670700000000002 0 
-0.578457 -0.52008500000000002 -0.62842100000000001 0 
-0.62954500000000002 -0.543126 -0.55559400000000003 0 
-0.661798 -0.48163600000000001 -0.57450500000000004 0 
0.77534000000000003 -0.40654800000000002 -0.483213 0 
0.72393399999999997 -0.45599200000000001 -0.51761800000000002 0 
0.76288400000000001 -0.36121399999999998 -0.53623399999999999 0 
0.71544099999999999 -0.34450199999999997 -0.60784000000000005 0 
0.76909000000000005 -0.28145599999999998 -0.57380699999999996 0 
0.749309 -0.32872299999999999 -0.57281400000000005 0 
0.81831699999999996 -0.35176200000000002 -0.45455400000000001 0 
0.85759600000000002 -0.29525800000000002 -0.42107299999999998 0 
0.70542400000000005 -0.0778977 -0.70448699999999997 0 
0.64543600000000001 -0.093712500000000004 -0.75805800000000001 0 
0.76542699999999997 -0.072505100000000003 -0.63943499999999998 0 
0.81974499999999995 -0.067968899999999999 -0.56868099999999999 0 
0.707229 -0.146234 -0.69167400000000001 0 
0.74618399999999996 -0.216226 -0.62965300000000002 0 
0.69003700000000001 -0.215339 -0.69101299999999999 0 
0.94654799999999994 -0.072767799999999994 -0.31423400000000001 0 
0.93215400000000004 -0.14691399999999999 -0.33087299999999997 0 
0.89589200000000002 -0.24443899999999999 -0.37098100000000001 0 
0.91864000000000001 -0.055888100000000003 -0.39113700000000001 0 
0.86657499999999998 -0.054633500000000002 -0.49604399999999998 0 
0.80326799999999998 -0.483151 -0.348215 0 
0.78573300000000001 -0.45400099999999999 -0.42005399999999998 0 
0.84053999999999995 -0.42460399999999998 -0.336478 0 
0.86377899999999996 -0.34596399999999999 -0.36633500000000002 0 
0.88566599999999995 -0.36859700000000001 -0.28231800000000001 0 
0.86365499999999995 -0.37950899999999999 -0.32819300000000001 0 
0.81935000000000002 -0.50186600000000003 -0.27712199999999998 0 
0.82875299999999996 -0.52093699999999998 -0.20430300000000001 0 
0.97237399999999996 -0.14891599999999999 -0.179731 0 
0.96711800000000003 -0.092097799999999994 -0.23711199999999999 0 
0.98678900000000003 -0.095595200000000005 -0.13065499999999999 0 
0.97161299999999995 -0.203516 -0.12066399999999999 0 
0.97208399999999995 -0.22992099999999999 -0.047018299999999999 0 
0.95134300000000005 -0.30151699999999998 -0.063494900000000007 0 
0.95358900000000002 -0.19950300000000001 -0.225492 0 
0.922435 -0.29719299999999998 -0.24655299999999999 0 
0.92926500000000001 -0.22246099999999999 -0.29495300000000002 0 
0.85228400000000004 -0.52076599999999995 0.049042500000000003 0 
0.86001700000000003 -0.49411500000000003 0.127196 0 
0.83710200000000001 -0.54661199999999999 -0.021026900000000001 0 
0.82348100000000002 -0.55196900000000004 -0.131163 0 
0.89308399999999999 -0.44990400000000003 -0.00070740400000000002 0 
0.927068 -0.37283899999999998 -0.0391559 0 
0.93396900000000005 -0.35605599999999998 0.0305256 0 
0.71196199999999998 -0.61145000000000005 -0.34520499999999998 0 
0.75679099999999999 -0.54717000000000005 -0.35750500000000002 0 
0.73796799999999996 -0.61413899999999999 -0.27972999999999998 0 
0.78698699999999999 -0.57642499999999997 -0.21998200000000001 0 
0.73836900000000005 -0.64553499999999997 -0.195109 0 
0.75461999999999996 -0.61214100000000005 -0.23122799999999999 0 
0.66842800000000002 -0.66918800000000001 -0.32463999999999998 0 
0.61907999999999996 -0.72342200000000001 -0.305529 0 
0.75838399999999995 -0.64895199999999997 0.060879999999999997 0 
0.80621699999999996 -0.58621900000000005 0.079899999999999999 0 
0.74159900000000001 -0.65749599999999997 0.13301399999999999 0 
0.70609599999999995 -0.70692500000000003 0.041188599999999999 0 
0.64881900000000003 -0.75917500000000004 0.052030699999999999 0 
0.63513600000000003 -0.77208600000000005 -0.021947700000000001 0 
0.769428 -0.63866100000000003 -0.0084995799999999996 0 
0.74750099999999997 -0.65522000000000002 -0.10920100000000001 0 
0.79755200000000004 -0.59948999999999997 -0.067397200000000004 0 
0.45211600000000002 -0.87246599999999996 -0.18543000000000001 0 
0.40548400000000001 -0.90537999999999996 -0.125808 0 
0.48818099999999998 -0.83817799999999998 -0.243115 0 
0.55766199999999999 -0.77371599999999996 -0.30061599999999999 0 
0.52672600000000003 -0.83906999999999998 -0.13614599999999999 0 
0.58970599999999995 -0.80380200000000002 -0.078406100000000006 0 
0.54668700000000003 -0.83676399999999995 -0.0310824 0 
0.62722299999999997 -0.61463599999999996 -0.478271 0 
0.65652900000000003 -0.55049300000000001 -0.51561999999999997 0 
0.67688499999999996 -0.60668599999999995 -0.41676999999999997 0 
0.59718300000000002 -0.66810199999999997 -0.44387300000000002 0 
0.59331699999999998 -0.71420099999999997 -0.37134600000000001 0 
0.53158399999999995 -0.72834399999999999 -0.43232599999999999 0 
0.57383799999999996 -0.70392100000000002 -0.41573199999999999 0 
0.57390699999999994 -0.62446800000000002 -0.52978499999999995 0 
0.51801699999999995 -0.62814599999999998 -0.58055100000000004 0 
0.54957400000000001 -0.57194 -0.60898200000000002 0 
0.35970999999999997 -0.87829000000000002 -0.31497199999999997 0 
0.38867099999999999 -0.88956999999999997 -0.24004500000000001 0 
0.29519899999999999 -0.90887300000000004 -0.294568 0 
0.32926699999999998 -0.86101099999999997 -0.38762600000000003 0 
0.27432600000000001 -0.85351900000000003 -0.443025 0 
0.316581 -0.81160500000000002 -0.49098999999999998 0 
0.41878700000000002 -0.84429900000000002 -0.33430199999999999 0 
0.47406300000000001 -0.78460799999999997 -0.399563 0 
0.486508 -0.81311299999999997 -0.31964999999999999 0 
0.29601699999999997 -0.65123299999999995 -0.69875600000000004 0 
0.217141 -0.66522199999999998 -0.71434399999999998 0 
0.29065200000000002 -0.58785200000000004 -0.754965 0 
0.36135 -0.63314599999999999 -0.68448900000000001 0 
0.42217700000000002 -0.58133699999999999 -0.69558200000000003 0 
0.46453299999999997 -0.61547300000000005 -0.63670700000000002 0 
0.31587700000000002 -0.71086000000000005 -0.62842100000000001 0 
0.32200400000000001 -0.76656800000000003 -0.55559400000000003 0 
0.253556 -0.77824099999999996 -0.57450500000000004 0 
0.62658599999999998 0.61182000000000003 -0.48269600000000001 0 
0.65745200000000004 0.54785499999999998 -0.51725299999999996 0 
0.57994699999999999 0.61437600000000003 -0.53499099999999999 0 
0.54865200000000003 0.57659099999999996 -0.60541699999999998 0 
0.50474200000000002 0.64553700000000003 -0.57313899999999995 0 
0.54419600000000001 0.61226199999999997 -0.57150400000000001 0 
0.58901400000000004 0.66932700000000001 -0.45284099999999999 0 
0.55002799999999996 0.72347399999999995 -0.417134 0 
0.28537699999999999 0.64872200000000002 -0.70548599999999995 0 
0.28973700000000002 0.58572500000000005 -0.75696799999999997 0 
0.21298300000000001 0.65745600000000004 -0.72274000000000005 0 
0.278914 0.70701899999999995 -0.64987899999999998 0 
0.24302699999999999 0.759293 -0.60368299999999997 0 
0.30219000000000001 0.77218200000000004 -0.55893899999999996 0 
0.35307899999999998 0.63811200000000001 -0.684199 0 
0.43236400000000003 0.65513699999999997 -0.61955800000000005 0 
0.41768899999999998 0.59920300000000004 -0.68301599999999996 0 
0.36788900000000002 0.87270099999999995 -0.32100000000000001 0 
0.293402 0.90578499999999995 -0.30565700000000001 0 
0.43557299999999999 0.83834299999999995 -0.32775700000000002 0 
0.51821499999999998 0.77376699999999998 -0.36432399999999998 0 
0.357178 0.83921599999999996 -0.41006500000000001 0 
0.33340399999999998 0.80390399999999995 -0.49252099999999999 0 
0.27203500000000003 0.83685600000000004 -0.475053 0 
0.70779899999999996 0.61462899999999998 -0.34810999999999998 0 
0.67477600000000004 0.60696600000000001 -0.41976999999999998 0 
0.66383499999999995 0.66805999999999999 -0.336202 0 
0.59733700000000001 0.71423899999999996 -0.36476999999999998 0 
0.62440499999999999 0.72833599999999998 -0.282165 0 
0.62834199999999996 0.70390900000000001 -0.32761400000000002 0 
0.73052499999999998 0.62414899999999995 -0.27707599999999999 0 
0.75153999999999999 0.62721499999999997 -0.204293 0 
0.44258199999999998 0.87839599999999995 -0.180371 0 
0.38817200000000002 0.88994700000000004 -0.239457 0 
0.39537899999999998 0.90903900000000004 -0.13147400000000001 0 
0.49396699999999999 0.86104499999999995 -0.120863 0 
0.51905800000000002 0.85345300000000002 -0.047098800000000003 0 
0.58075100000000002 0.81159999999999999 -0.063494499999999995 0 
0.48628500000000002 0.84437700000000004 -0.224798 0 
0.56938699999999998 0.78462900000000002 -0.245259 0 
0.50342399999999998 0.81318800000000002 -0.292076 0 
0.758467 0.64988900000000005 0.0486013 0 
0.735514 0.66559900000000005 0.12631200000000001 0 
0.77851400000000004 0.62723899999999999 -0.021318899999999998 0 
0.77940600000000004 0.612622 -0.13120599999999999 0 
0.70376000000000005 0.71044700000000005 -0.000903493 0 
0.64103299999999996 0.76651100000000005 -0.039195399999999998 0 
0.62720299999999995 0.77826600000000001 0.030426000000000002 0 
0.80153700000000005 0.48817300000000002 -0.34518700000000002 0 
0.75427500000000003 0.55067600000000005 -0.35743900000000001 0 
0.81212799999999996 0.51207100000000005 -0.27972000000000002 0 
0.79140299999999997 0.57034799999999997 -0.21997900000000001 0 
0.84210799999999997 0.50275000000000003 -0.195109 0 
0.81537099999999996 0.52852699999999997 -0.23122500000000001 0 
0.84299199999999996 0.42892599999999997 -0.324633 0 
0.87932100000000002 0.365232 -0.30552800000000002 0 
0.85133700000000001 0.52109899999999998 0.060598899999999997 0 
0.80640900000000004 0.58606499999999995 0.079079099999999999 0 
0.854213 0.50272499999999998 0.13248099999999999 0 
0.89041899999999996 0.45329900000000001 0.0410576 0 
0.92244999999999999 0.38261200000000001 0.052116500000000003 0 
0.930558 0.36548399999999998 -0.021936500000000001 0 
0.84505600000000003 0.53458899999999998 -0.0086648100000000002 0 
0.85411499999999996 0.50847900000000001 -0.109236 0 
0.81655699999999998 0.57332000000000005 -0.067514299999999999 0 
0.969476 0.160382 -0.18543000000000001 0 
0.98636900000000005 0.105861 -0.125808 0 
0.94801000000000002 0.20527799999999999 -0.243115 0 
0.90817400000000004 0.29127999999999998 -0.30061700000000002 0 
0.96076899999999998 0.24166199999999999 -0.13614399999999999 0 
0.94668699999999995 0.31246499999999999 -0.078400700000000004 0 
0.96474400000000005 0.26136399999999999 -0.031064999999999999 0 
0.77836499999999997 0.40666400000000003 -0.47822799999999999 0 
0.72640199999999999 0.45449400000000001 -0.51547399999999999 0 
0.78616900000000001 0.456316 -0.41671599999999998 0 
0.81992299999999996 0.36154399999999998 -0.44387300000000002 0 
0.86258900000000005 0.34358300000000003 -0.37134400000000001 0 
0.85696300000000003 0.28049800000000003 -0.43232799999999999 0 
0.84679000000000004 0.328241 -0.41573199999999999 0 
0.77111700000000005 0.35306100000000001 -0.52983800000000003 0 
0.75701600000000002 0.29904500000000001 -0.580901 0 
0.71304900000000004 0.34672399999999998 -0.60938499999999995 0 
0.94645900000000005 0.070699999999999999 -0.31497399999999998 0 
0.96613700000000002 0.094756300000000002 -0.24004500000000001 0 
0.95561099999999999 -0.00010598399999999999 -0.29456900000000003 0 
0.92061400000000004 0.047094400000000002 -0.38763700000000001 0 
0.89651199999999998 -0.0028488099999999998 -0.44303300000000001 0 
0.86970000000000003 0.050296100000000003 -0.491008 0 
0.93238299999999996 0.13739799999999999 -0.334312 0 
0.89268700000000001 0.208424 -0.39958199999999999 0 
0.92365299999999995 0.21143700000000001 -0.319656 0 
0.70981499999999997 0.080720700000000006 -0.69974099999999995 0 
0.699681 0.00053747099999999998 -0.71442600000000001 0 
0.64672399999999997 0.093659300000000001 -0.75696600000000003 0 
0.71054300000000004 0.15426999999999999 -0.68651099999999998 0 
0.67730100000000004 0.22573599999999999 -0.70023299999999999 0 
0.72672199999999998 0.253328 -0.63850899999999999 0 
0.773289 0.081035499999999996 -0.62886399999999998 0 
0.82845000000000002 0.069462399999999994 -0.55573700000000004 0 
0.81846099999999999 0.00065971699999999999 -0.57456700000000005 0 

Triangles
3960
124 485 483 0 
124 483 484 0 
485 125 665 0 
485 665 483 0 
484 483 673 0 
484 673 123 0 
483 665 33 0 
483 33 673 0 
127 488 486 0 
127 486 487 0 
488 128 681 0 
488 681 486 0 
487 486 689 0 
487 689 126 0 
486 681 36 0 
486 36 689 0 
130 491 489 0 
130 489 490 0 
491 131 697 0 
491 697 489 0 
490 489 705 0 
490 705 129 0 
489 697 39 0 
489 39 705 0 
133 494 492 0 
133 492 493 0 
494 134 713 0 
494 713 492 0 
493 492 721 0 
493 721 132 0 
492 713 42 0 
492 42 721 0 
136 497 495 0 
136 495 496 0 
497 137 729 0 
497 729 495 0 
496 495 737 0 
496 737 135 0 
495 729 45 0 
495 45 737 0 
139 500 498 0 
139 498 499 0 
500 140 745 0 
500 745 498 0 
499 498 753 0 
499 753 138 0 
498 745 48 0 
498 48 753 0 
142 503 501 0 
142 501 502 0 
503 143 761 0 
503 761 501 0 
502 501 771 0 
502 771 141 0 
501 761 51 0 
501 51 771 0 
145 506 504 0 
145 504 505 0 
506 146 781 0 
506 781 504 0 
505 504 789 0 
505 789 144 0 
504 781 53 0 
504 53 789 0 
148 509 507 0 
148 507 508 0 
509 149 797 0 
509 797 507 0 
508 507 805 0 
508 805 147 0 
507 797 56 0 
507 56 805 0 
151 512 510 0 
151 510 511 0 
512 152 813 0 
512 813 510 0 
511 510 821 0 
511 821 150 0 
510 813 59 0 
510 59 821 0 
154 515 513 0 
154 513 514 0 
515 155 829 0 
515 829 513 0 
514 513 837 0 
514 837 153 0 
513 829 62 0 
513 62 837 0 
157 518 516 0 
157 516 517 0 
518 158 845 0 
518 845 516 0 
517 516 855 0 
517 855 156 0 
516 845 65 0 
516 65 855 0 
160 521 519 0 
160 519 520 0 
521 161 867 0 
521 867 519 0 
520 519 878 0 
520 878 159 0 
519 867 35 0 
519 35 878 0 
163 524 522 0 
163 522 523 0 
524 164 891 0 
524 891 522 0 
523 522 902 0 
523 902 162 0 
522 891 67 0 
522 67 902 0 
166 527 525 0 
166 525 526 0 
527 167 915 0 
527 915 525 0 
526 525 926 0 
526 926 165 0 
525 915 68 0 
525 68 926 0 
169 530 528 0 
169 528 529 0 
530 170 940 0 
530 940 528 0 
529 528 952 0 
529 952 168 0 
528 940 69 0 
528 69 952 0 
172 533 531 0 
172 531 532 0 
533 173 967 0 
533 967 531 0 
532 531 978 0 
532 978 171 0 
531 967 38 0 
531 38 978 0 
175 536 534 0 
175 534 535 0 
536 176 991 0 
536 991 534 0 
535 534 1002 0 
535 1002 174 0 
534 991 70 0 
534 70 1002 0 
178 539 537 0 
178 537 538 0 
539 179 1015 0 
539 1015 537 0 
538 537 1026 0 
538 1026 177 0 
537 1015 71 0 
537 71 1026 0 
181 542 540 0 
181 540 541 0 
542 182 1040 0 
542 1040 540 0 
541 540 1052 0 
541 1052 180 0 
540 1040 72 0 
540 72 1052 0 
184 545 543 0 
184 543 544 0 
545 185 1067 0 
545 1067 543 0 
544 543 1076 0 
544 1076 183 0 
543 1067 41 0 
543 41 1076 0 
187 548 546 0 
187 546 547 0 
548 188 1087 0 
548 1087 546 0 
547 546 1096 0 
547 1096 186 0 
546 1087 74 0 
546 74 1096 0 
190 551 549 0 
190 549 550 0 
551 191 1107 0 
551 1107 549 0 
550 549 1116 0 
550 1116 189 0 
549 1107 76 0 
549 76 1116 0 
193 554 552 0 
193 552 553 0 
554 194 1128 0 
554 1128 552 0 
553 552 1138 0 
553 1138 192 0 
552 1128 78 0 
552 78 1138 0 
196 557 555 0 
196 555 556 0 
557 197 1151 0 
557 1151 555 0 
556 555 1162 0 
556 1162 195 0 
555 1151 44 0 
555 44 1162 0 
199 560 558 0 
199 558 559 0 
560 200 1175 0 
560 1175 558 0 
559 558 1184 0 
559 1184 198 0 
558 1175 80 0 
558 80 1184 0 
202 563 561 0 
202 561 562 0 
563 203 1195 0 
563 1195 561 0 
562 561 1204 0 
562 1204 201 0 
561 1195 82 0 
561 82 1204 0 
205 566 564 0 
205 564 565 0 
566 206 1216 0 
566 1216 564 0 
565 564 1226 0 
565 1226 204 0 
564 1216 84 0 
564 84 1226 0 
208 569 567 0 
208 567 568 0 
569 209 1239 0 
569 1239 567 0 
568 567 1250 0 
568 1250 207 0 
567 1239 47 0 
567 47 1250 0 
211 572 570 0 
211 570 571 0 
572 212 1263 0 
572 1263 570 0 
571 570 1272 0 
571 1272 210 0 
570 1263 86 0 
570 86 1272 0 
214 575 573 0 
214 573 574 0 
575 215 1283 0 
575 1283 573 0 
574 573 1292 0 
574 1292 213 0 
573 1283 88 0 
573 88 1292 0 
217 578 576 0 
217 576 577 0 
578 218 1304 0 
578 1304 576 0 
577 576 1314 0 
577 1314 216 0 
576 1304 90 0 
576 90 1314 0 
220 581 579 0 
220 579 580 0 
581 221 1327 0 
581 1327 579 0 
580 579 1338 0 
580 1338 219 0 
579 1327 50 0 
579 50 1338 0 
223 584 582 0 
223 582 583 0 
584 224 1351 0 
584 1351 582 0 
583 582 1360 0 
583 1360 222 0 
582 1351 92 0 
582 92 1360 0 
226 587 585 0 
226 585 586 0 
587 227 1371 0 
587 1371 585 0 
586 585 1380 0 
586 1380 225 0 
585 1371 94 0 
585 94 1380 0 
229 590 588 0 
229 588 589 0 
590 230 1392 0 
590 1392 588 0 
589 588 1402 0 
589 1402 228 0 
588 1392 96 0 
588 96 1402 0 
232 593 591 0 
232 591 592 0 
593 233 1415 0 
593 1415 591 0 
592 591 1426 0 
592 1426 231 0 
591 1415 52 0 
591 52 1426 0 
235 596 594 0 
235 594 595 0 
596 236 1439 0 
596 1439 594 0 
595 594 1448 0 
595 1448 234 0 
594 1439 98 0 
594 98 1448 0 
238 599 597 0 
238 597 598 0 
599 239 1459 0 
599 1459 597 0 
598 597 1468 0 
598 1468 237 0 
597 1459 100 0 
597 100 1468 0 
241 602 600 0 
241 600 601 0 
602 242 1480 0 
602 1480 600 0 
601 600 1492 0 
601 1492 240 0 
600 1480 102 0 
600 102 1492 0 
244 605 603 0 
244 603 604 0 
605 245 1507 0 
605 1507 603 0 
604 603 1516 0 
604 1516 243 0 
603 1507 55 0 
603 55 1516 0 
247 608 606 0 
247 606 607 0 
608 248 1527 0 
608 1527 606 0 
607 606 1538 0 
607 1538 246 0 
606 1527 104 0 
606 104 1538 0 
250 611 609 0 
250 609 610 0 
611 251 1551 0 
611 1551 609 0 
610 609 1562 0 
610 1562 249 0 
609 1551 105 0 
609 105 1562 0 
253 614 612 0 
253 612 613 0 
614 254 1576 0 
614 1576 612 0 
613 612 1586 0 
613 1586 252 0 
612 1576 106 0 
612 106 1586 0 
256 617 615 0 
256 615 616 0 
617 257 1599 0 
617 1599 615 0 
616 615 1608 0 
616 1608 255 0 
615 1599 58 0 
615 58 1608 0 
259 620 618 0 
259 618 619 0 
620 260 1619 0 
620 1619 618 0 
619 618 1630 0 
619 1630 258 0 
618 1619 109 0 
618 109 1630 0 
262 623 621 0 
262 621 622 0 
623 263 1643 0 
623 1643 621 0 
622 621 1654 0 
622 1654 261 0 
621 1643 110 0 
621 110 1654 0 
265 626 624 0 
265 624 625 0 
626 266 1668 0 
626 1668 624 0 
625 624 1680 0 
625 1680 264 0 
624 1668 111 0 
624 111 1680 0 
268 629 627 0 
268 627 628 0 
629 269 1695 0 
629 1695 627 0 
628 627 1704 0 
628 1704 267 0 
627 1695 61 0 
627 61 1704 0 
271 632 630 0 
271 630 631 0 
632 272 1715 0 
632 1715 630 0 
631 630 1726 0 
631 1726 270 0 
630 1715 113 0 
630 113 1726 0 
274 635 633 0 
274 633 634 0 
635 275 1739 0 
635 1739 633 0 
634 633 1750 0 
634 1750 273 0 
633 1739 114 0 
633 114 1750 0 
277 638 636 0 
277 636 637 0 
638 278 1764 0 
638 1764 636 0 
637 636 1776 0 
637 1776 276 0 
636 1764 115 0 
636 115 1776 0 
280 641 639 0 
280 639 640 0 
641 281 1791 0 
641 1791 639 0 
640 639 1800 0 
640 1800 279 0 
639 1791 64 0 
639 64 1800 0 
283 644 642 0 
283 642 643 0 
644 284 1811 0 
644 1811 642 0 
643 642 1822 0 
643 1822 282 0 
642 1811 117 0 
642 117 1822 0 
286 647 645 0 
286 645 646 0 
647 287 1835 0 
647 1835 645 0 
646 645 1846 0 
646 1846 285 0 
645 1835 118 0 
645 118 1846 0 
289 650 648 0 
289 648 649 0 
650 290 1860 0 
650 1860 648 0 
649 648 1872 0 
649 1872 288 0 
648 1860 119 0 
648 119 1872 0 
292 653 651 0 
292 651 652 0 
653 293 1887 0 
653 1887 651 0 
652 651 1898 0 
652 1898 291 0 
651 1887 66 0 
651 66 1898 0 
295 656 654 0 
295 654 655 0 
656 296 1911 0 
656 1911 654 0 
655 654 1922 0 
655 1922 294 0 
654 1911 120 0 
654 120 1922 0 
298 659 657 0 
298 657 658 0 
659 299 1935 0 
659 1935 657 0 
658 657 1946 0 
658 1946 297 0 
657 1935 121 0 
657 121 1946 0 
301 662 660 0 
301 660 661 0 
662 302 1960 0 
662 1960 660 0 
661 660 1972 0 
661 1972 300 0 
660 1960 122 0 
660 122 1972 0 
125 667 663 0 
125 663 664 0 
667 304 864 0 
667 864 663 0 
664 663 936 0 
664 936 303 0 
663 864 21 0 
663 21 936 0 
123 672 669 0 
123 669 670 0 
672 306 956 0 
672 956 669 0 
670 669 773 0 
670 773 305 0 
669 956 5 0 
669 5 773 0 
124 677 674 0 
124 674 675 0 
677 308 766 0 
677 766 674 0 
675 674 872 0 
675 872 307 0 
674 766 1 0 
674 1 872 0 
128 683 679 0 
128 679 680 0 
683 310 964 0 
683 964 679 0 
680 679 1036 0 
680 1036 309 0 
679 964 22 0 
679 22 1036 0 
126 688 685 0 
126 685 686 0 
688 312 1056 0 
688 1056 685 0 
686 685 857 0 
686 857 311 0 
685 1056 6 0 
685 6 857 0 
127 693 690 0 
127 690 691 0 
693 314 850 0 
693 850 690 0 
691 690 972 0 
691 972 313 0 
690 850 10 0 
690 10 972 0 
131 699 695 0 
131 695 696 0 
699 316 1064 0 
699 1064 695 0 
696 695 1124 0 
696 1124 315 0 
695 1064 23 0 
695 23 1124 0 
129 704 701 0 
129 701 702 0 
704 318 1141 0 
704 1141 701 0 
702 701 881 0 
702 881 317 0 
701 1141 2 0 
701 2 881 0 
130 709 706 0 
130 706 707 0 
709 320 873 0 
709 873 706 0 
707 706 1072 0 
707 1072 319 0 
706 873 1 0 
706 1 1072 0 
134 715 711 0 
134 711 712 0 
715 322 1148 0 
715 1148 711 0 
712 711 1212 0 
712 1212 321 0 
711 1148 24 0 
711 24 1212 0 
132 720 717 0 
132 717 718 0 
720 324 1229 0 
720 1229 717 0 
718 717 905 0 
718 905 323 0 
717 1229 3 0 
717 3 905 0 
133 725 722 0 
133 722 723 0 
725 326 897 0 
725 897 722 0 
723 722 1156 0 
723 1156 325 0 
722 897 2 0 
722 2 1156 0 
137 731 727 0 
137 727 728 0 
731 328 1236 0 
731 1236 727 0 
728 727 1300 0 
728 1300 327 0 
727 1236 25 0 
727 25 1300 0 
135 736 733 0 
135 733 734 0 
736 330 1317 0 
736 1317 733 0 
734 733 929 0 
734 929 329 0 
733 1317 4 0 
733 4 929 0 
136 741 738 0 
136 738 739 0 
741 332 921 0 
741 921 738 0 
739 738 1244 0 
739 1244 331 0 
738 921 3 0 
738 3 1244 0 
140 747 743 0 
140 743 744 0 
747 334 1324 0 
747 1324 743 0 
744 743 1388 0 
744 1388 333 0 
743 1324 26 0 
743 26 1388 0 
138 752 749 0 
138 749 750 0 
752 336 1405 0 
752 1405 749 0 
750 749 955 0 
750 955 335 0 
749 1405 5 0 
749 5 955 0 
139 757 754 0 
139 754 755 0 
757 338 947 0 
757 947 754 0 
755 754 1332 0 
755 1332 337 0 
754 947 4 0 
754 4 1332 0 
143 763 759 0 
143 759 760 0 
763 340 1412 0 
763 1412 759 0 
760 759 1476 0 
760 1476 339 0 
759 1412 27 0 
759 27 1476 0 
141 770 765 0 
141 765 767 0 
770 341 1496 0 
770 1496 765 0 
767 765 766 0 
767 766 308 0 
765 1496 1 0 
765 1 766 0 
142 776 772 0 
142 772 774 0 
776 305 773 0 
776 773 772 0 
774 772 1420 0 
774 1420 342 0 
772 773 5 0 
772 5 1420 0 
146 783 779 0 
146 779 780 0 
783 344 1504 0 
783 1504 779 0 
780 779 1572 0 
780 1572 343 0 
779 1504 28 0 
779 28 1572 0 
144 788 785 0 
144 785 786 0 
788 346 1589 0 
788 1589 785 0 
786 785 1055 0 
786 1055 345 0 
785 1589 6 0 
785 6 1055 0 
145 793 790 0 
145 790 791 0 
793 348 1047 0 
793 1047 790 0 
791 790 1512 0 
791 1512 347 0 
790 1047 7 0 
790 7 1512 0 
149 799 795 0 
149 795 796 0 
799 350 1596 0 
799 1596 795 0 
796 795 1664 0 
796 1664 349 0 
795 1596 29 0 
795 29 1664 0 
147 804 801 0 
147 801 802 0 
804 352 1684 0 
804 1684 801 0 
802 801 1029 0 
802 1029 351 0 
801 1684 7 0 
801 7 1029 0 
148 809 806 0 
148 806 807 0 
809 354 1021 0 
809 1021 806 0 
807 806 1604 0 
807 1604 353 0 
806 1021 8 0 
806 8 1604 0 
152 815 811 0 
152 811 812 0 
815 356 1692 0 
815 1692 811 0 
812 811 1760 0 
812 1760 355 0 
811 1692 30 0 
811 30 1760 0 
150 820 817 0 
150 817 818 0 
820 358 1780 0 
820 1780 817 0 
818 817 1005 0 
818 1005 357 0 
817 1780 8 0 
817 8 1005 0 
151 825 822 0 
151 822 823 0 
825 360 997 0 
825 997 822 0 
823 822 1700 0 
823 1700 359 0 
822 997 9 0 
822 9 1700 0 
155 831 827 0 
155 827 828 0 
831 362 1788 0 
831 1788 827 0 
828 827 1856 0 
828 1856 361 0 
827 1788 31 0 
827 31 1856 0 
153 836 833 0 
153 833 834 0 
836 364 1876 0 
836 1876 833 0 
834 833 981 0 
834 981 363 0 
833 1876 9 0 
833 9 981 0 
154 841 838 0 
154 838 839 0 
841 366 973 0 
841 973 838 0 
839 838 1796 0 
839 1796 365 0 
838 973 10 0 
838 10 1796 0 
158 847 843 0 
158 843 844 0 
847 368 1884 0 
847 1884 843 0 
844 843 1956 0 
844 1956 367 0 
843 1884 32 0 
843 32 1956 0 
156 854 849 0 
156 849 851 0 
854 369 1976 0 
854 1976 849 0 
851 849 850 0 
851 850 314 0 
849 1976 10 0 
849 10 850 0 
157 860 856 0 
157 856 858 0 
860 311 857 0 
860 857 856 0 
858 856 1892 0 
858 1892 370 0 
856 857 6 0 
856 6 1892 0 
161 869 863 0 
161 863 865 0 
869 371 888 0 
869 888 863 0 
865 863 864 0 
865 864 304 0 
863 888 21 0 
863 21 864 0 
159 877 871 0 
159 871 874 0 
877 307 872 0 
877 872 871 0 
874 871 873 0 
874 873 320 0 
871 872 1 0 
871 1 873 0 
160 884 880 0 
160 880 882 0 
884 317 881 0 
884 881 880 0 
882 880 896 0 
882 896 372 0 
880 881 2 0 
880 2 896 0 
164 893 887 0 
164 887 889 0 
893 373 912 0 
893 912 887 0 
889 887 888 0 
889 888 371 0 
887 912 21 0 
887 21 888 0 
162 901 895 0 
162 895 898 0 
901 372 896 0 
901 896 895 0 
898 895 897 0 
898 897 326 0 
895 896 2 0 
895 2 897 0 
163 908 904 0 
163 904 906 0 
908 323 905 0 
908 905 904 0 
906 904 920 0 
906 920 374 0 
904 905 3 0 
904 3 920 0 
167 917 911 0 
167 911 913 0 
917 375 937 0 
917 937 911 0 
913 911 912 0 
913 912 373 0 
911 937 21 0 
911 21 912 0 
165 925 919 0 
165 919 922 0 
925 374 920 0 
925 920 919 0 
922 919 921 0 
922 921 332 0 
919 920 3 0 
919 3 921 0 
166 932 928 0 
166 928 930 0 
932 329 929 0 
932 929 928 0 
930 928 946 0 
930 946 376 0 
928 929 4 0 
928 4 946 0 
170 942 935 0 
170 935 938 0 
942 303 936 0 
942 936 935 0 
938 935 937 0 
938 937 375 0 
935 936 21 0 
935 21 937 0 
168 951 945 0 
168 945 948 0 
951 376 946 0 
951 946 945 0 
948 945 947 0 
948 947 338 0 
945 946 4 0 
945 4 947 0 
169 960 954 0 
169 954 957 0 
960 335 955 0 
960 955 954 0 
957 954 956 0 
957 956 306 0 
954 955 5 0 
954 5 956 0 
173 969 963 0 
173 963 965 0 
969 377 988 0 
969 988 963 0 
965 963 964 0 
965 964 310 0 
963 988 22 0 
963 22 964 0 
171 977 971 0 
171 971 974 0 
977 313 972 0 
977 972 971 0 
974 971 973 0 
974 973 366 0 
971 972 10 0 
971 10 973 0 
172 984 980 0 
172 980 982 0 
984 363 981 0 
984 981 980 0 
982 980 996 0 
982 996 378 0 
980 981 9 0 
980 9 996 0 
176 993 987 0 
176 987 989 0 
993 379 1012 0 
993 1012 987 0 
989 987 988 0 
989 988 377 0 
987 1012 22 0 
987 22 988 0 
174 1001 995 0 
174 995 998 0 
1001 378 996 0 
1001 996 995 0 
998 995 997 0 
998 997 360 0 
995 996 9 0 
995 9 997 0 
175 1008 1004 0 
175 1004 1006 0 
1008 357 1005 0 
1008 1005 1004 0 
1006 1004 1020 0 
1006 1020 380 0 
1004 1005 8 0 
1004 8 1020 0 
179 1017 1011 0 
179 1011 1013 0 
1017 381 1037 0 
1017 1037 1011 0 
1013 1011 1012 0 
1013 1012 379 0 
1011 1037 22 0 
1011 22 1012 0 
177 1025 1019 0 
177 1019 1022 0 
1025 380 1020 0 
1025 1020 1019 0 
1022 1019 1021 0 
1022 1021 354 0 
1019 1020 8 0 
1019 8 1021 0 
178 1032 1028 0 
178 1028 1030 0 
1032 351 1029 0 
1032 1029 1028 0 
1030 1028 1046 0 
1030 1046 382 0 
1028 1029 7 0 
1028 7 1046 0 
182 1042 1035 0 
182 1035 1038 0 
1042 309 1036 0 
1042 1036 1035 0 
1038 1035 1037 0 
1038 1037 381 0 
1035 1036 22 0 
1035 22 1037 0 
180 1051 1045 0 
180 1045 1048 0 
1051 382 1046 0 
1051 1046 1045 0 
1048 1045 1047 0 
1048 1047 348 0 
1045 1046 7 0 
1045 7 1047 0 
181 1060 1054 0 
181 1054 1057 0 
1060 345 1055 0 
1060 1055 1054 0 
1057 1054 1056 0 
1057 1056 312 0 
1054 1055 6 0 
1054 6 1056 0 
185 1069 1063 0 
185 1063 1065 0 
1069 383 1084 0 
1069 1084 1063 0 
1065 1063 1064 0 
1065 1064 316 0 
1063 1084 23 0 
1063 23 1064 0 
183 1075 1071 0 
183 1071 1073 0 
1075 319 1072 0 
1075 1072 1071 0 
1073 1071 1495 0 
1073 1495 384 0 
1071 1072 1 0 
1071 1 1495 0 
184 1081 1078 0 
184 1078 1079 0 
1081 386 1487 0 
1081 1487 1078 0 
1079 1078 1092 0 
1079 1092 385 0 
1078 1487 11 0 
1078 11 1092 0 
188 1089 1083 0 
188 1083 1085 0 
1089 387 1104 0 
1089 1104 1083 0 
1085 1083 1084 0 
1085 1084 383 0 
1083 1104 23 0 
1083 23 1084 0 
186 1095 1091 0 
186 1091 1093 0 
1095 385 1092 0 
1095 1092 1091 0 
1093 1091 1925 0 
1093 1925 388 0 
1091 1092 11 0 
1091 11 1925 0 
187 1101 1098 0 
187 1098 1099 0 
1101 390 1917 0 
1101 1917 1098 0 
1099 1098 1112 0 
1099 1112 389 0 
1098 1917 12 0 
1098 12 1112 0 
191 1109 1103 0 
191 1103 1105 0 
1109 391 1125 0 
1109 1125 1103 0 
1105 1103 1104 0 
1105 1104 387 0 
1103 1125 23 0 
1103 23 1104 0 
189 1115 1111 0 
189 1111 1113 0 
1115 389 1112 0 
1115 1112 1111 0 
1113 1111 1565 0 
1113 1565 392 0 
1111 1112 12 0 
1111 12 1565 0 
190 1121 1118 0 
190 1118 1119 0 
1121 394 1557 0 
1121 1557 1118 0 
1119 1118 1134 0 
1119 1134 393 0 
1118 1557 13 0 
1118 13 1134 0 
194 1130 1123 0 
194 1123 1126 0 
1130 315 1124 0 
1130 1124 1123 0 
1126 1123 1125 0 
1126 1125 391 0 
1123 1124 23 0 
1123 23 1125 0 
192 1137 1133 0 
192 1133 1135 0 
1137 393 1134 0 
1137 1134 1133 0 
1135 1133 1165 0 
1135 1165 395 0 
1133 1134 13 0 
1133 13 1165 0 
193 1145 1140 0 
193 1140 1142 0 
1145 396 1157 0 
1145 1157 1140 0 
1142 1140 1141 0 
1142 1141 318 0 
1140 1157 2 0 
1140 2 1141 0 
197 1153 1147 0 
197 1147 1149 0 
1153 397 1172 0 
1153 1172 1147 0 
1149 1147 1148 0 
1149 1148 322 0 
1147 1172 24 0 
1147 24 1148 0 
195 1161 1155 0 
195 1155 1158 0 
1161 325 1156 0 
1161 1156 1155 0 
1158 1155 1157 0 
1158 1157 396 0 
1155 1156 2 0 
1155 2 1157 0 
196 1168 1164 0 
196 1164 1166 0 
1168 395 1165 0 
1168 1165 1164 0 
1166 1164 1180 0 
1166 1180 398 0 
1164 1165 13 0 
1164 13 1180 0 
200 1177 1171 0 
200 1171 1173 0 
1177 399 1192 0 
1177 1192 1171 0 
1173 1171 1172 0 
1173 1172 397 0 
1171 1192 24 0 
1171 24 1172 0 
198 1183 1179 0 
198 1179 1181 0 
1183 398 1180 0 
1183 1180 1179 0 
1181 1179 1541 0 
1181 1541 400 0 
1179 1180 13 0 
1179 13 1541 0 
199 1189 1186 0 
199 1186 1187 0 
1189 402 1533 0 
1189 1533 1186 0 
1187 1186 1200 0 
1187 1200 401 0 
1186 1533 14 0 
1186 14 1200 0 
203 1197 1191 0 
203 1191 1193 0 
1197 403 1213 0 
1197 1213 1191 0 
1193 1191 1192 0 
1193 1192 399 0 
1191 1213 24 0 
1191 24 1192 0 
201 1203 1199 0 
201 1199 1201 0 
1203 401 1200 0 
1203 1200 1199 0 
1201 1199 1657 0 
1201 1657 404 0 
1199 1200 14 0 
1199 14 1657 0 
202 1209 1206 0 
202 1206 1207 0 
1209 406 1649 0 
1209 1649 1206 0 
1207 1206 1222 0 
1207 1222 405 0 
1206 1649 15 0 
1206 15 1222 0 
206 1218 1211 0 
206 1211 1214 0 
1218 321 1212 0 
1218 1212 1211 0 
1214 1211 1213 0 
1214 1213 403 0 
1211 1212 24 0 
1211 24 1213 0 
204 1225 1221 0 
204 1221 1223 0 
1225 405 1222 0 
1225 1222 1221 0 
1223 1221 1253 0 
1223 1253 407 0 
1221 1222 15 0 
1221 15 1253 0 
205 1233 1228 0 
205 1228 1230 0 
1233 408 1245 0 
1233 1245 1228 0 
1230 1228 1229 0 
1230 1229 324 0 
1228 1245 3 0 
1228 3 1229 0 
209 1241 1235 0 
209 1235 1237 0 
1241 409 1260 0 
1241 1260 1235 0 
1237 1235 1236 0 
1237 1236 328 0 
1235 1260 25 0 
1235 25 1236 0 
207 1249 1243 0 
207 1243 1246 0 
1249 331 1244 0 
1249 1244 1243 0 
1246 1243 1245 0 
1246 1245 408 0 
1243 1244 3 0 
1243 3 1245 0 
208 1256 1252 0 
208 1252 1254 0 
1256 407 1253 0 
1256 1253 1252 0 
1254 1252 1268 0 
1254 1268 410 0 
1252 1253 15 0 
1252 15 1268 0 
212 1265 1259 0 
212 1259 1261 0 
1265 411 1280 0 
1265 1280 1259 0 
1261 1259 1260 0 
1261 1260 409 0 
1259 1280 25 0 
1259 25 1260 0 
210 1271 1267 0 
210 1267 1269 0 
1271 410 1268 0 
1271 1268 1267 0 
1269 1267 1633 0 
1269 1633 412 0 
1267 1268 15 0 
1267 15 1633 0 
211 1277 1274 0 
211 1274 1275 0 
1277 414 1625 0 
1277 1625 1274 0 
1275 1274 1288 0 
1275 1288 413 0 
1274 1625 16 0 
1274 16 1288 0 
215 1285 1279 0 
215 1279 1281 0 
1285 415 1301 0 
1285 1301 1279 0 
1281 1279 1280 0 
1281 1280 411 0 
1279 1301 25 0 
1279 25 1280 0 
213 1291 1287 0 
213 1287 1289 0 
1291 413 1288 0 
1291 1288 1287 0 
1289 1287 1753 0 
1289 1753 416 0 
1287 1288 16 0 
1287 16 1753 0 
214 1297 1294 0 
214 1294 1295 0 
1297 418 1745 0 
1297 1745 1294 0 
1295 1294 1310 0 
1295 1310 417 0 
1294 1745 17 0 
1294 17 1310 0 
218 1306 1299 0 
218 1299 1302 0 
1306 327 1300 0 
1306 1300 1299 0 
1302 1299 1301 0 
1302 1301 415 0 
1299 1300 25 0 
1299 25 1301 0 
216 1313 1309 0 
216 1309 1311 0 
1313 417 1310 0 
1313 1310 1309 0 
1311 1309 1341 0 
1311 1341 419 0 
1309 1310 17 0 
1309 17 1341 0 
217 1321 1316 0 
217 1316 1318 0 
1321 420 1333 0 
1321 1333 1316 0 
1318 1316 1317 0 
1318 1317 330 0 
1316 1333 4 0 
1316 4 1317 0 
221 1329 1323 0 
221 1323 1325 0 
1329 421 1348 0 
1329 1348 1323 0 
1325 1323 1324 0 
1325 1324 334 0 
1323 1348 26 0 
1323 26 1324 0 
219 1337 1331 0 
219 1331 1334 0 
1337 337 1332 0 
1337 1332 1331 0 
1334 1331 1333 0 
1334 1333 420 0 
1331 1332 4 0 
1331 4 1333 0 
220 1344 1340 0 
220 1340 1342 0 
1344 419 1341 0 
1344 1341 1340 0 
1342 1340 1356 0 
1342 1356 422 0 
1340 1341 17 0 
1340 17 1356 0 
224 1353 1347 0 
224 1347 1349 0 
1353 423 1368 0 
1353 1368 1347 0 
1349 1347 1348 0 
1349 1348 421 0 
1347 1368 26 0 
1347 26 1348 0 
222 1359 1355 0 
222 1355 1357 0 
1359 422 1356 0 
1359 1356 1355 0 
1357 1355 1729 0 
1357 1729 424 0 
1355 1356 17 0 
1355 17 1729 0 
223 1365 1362 0 
223 1362 1363 0 
1365 426 1721 0 
1365 1721 1362 0 
1363 1362 1376 0 
1363 1376 425 0 
1362 1721 18 0 
1362 18 1376 0 
227 1373 1367 0 
227 1367 1369 0 
1373 427 1389 0 
1373 1389 1367 0 
1369 1367 1368 0 
1369 1368 423 0 
1367 1389 26 0 
1367 26 1368 0 
225 1379 1375 0 
225 1375 1377 0 
1379 425 1376 0 
1379 1376 1375 0 
1377 1375 1849 0 
1377 1849 428 0 
1375 1376 18 0 
1375 18 1849 0 
226 1385 1382 0 
226 1382 1383 0 
1385 430 1841 0 
1385 1841 1382 0 
1383 1382 1398 0 
1383 1398 429 0 
1382 1841 19 0 
1382 19 1398 0 
230 1394 1387 0 
230 1387 1390 0 
1394 333 1388 0 
1394 1388 1387 0 
1390 1387 1389 0 
1390 1389 427 0 
1387 1388 26 0 
1387 26 1389 0 
228 1401 1397 0 
228 1397 1399 0 
1401 429 1398 0 
1401 1398 1397 0 
1399 1397 1429 0 
1399 1429 431 0 
1397 1398 19 0 
1397 19 1429 0 
229 1409 1404 0 
229 1404 1406 0 
1409 432 1421 0 
1409 1421 1404 0 
1406 1404 1405 0 
1406 1405 336 0 
1404 1421 5 0 
1404 5 1405 0 
233 1417 1411 0 
233 1411 1413 0 
1417 433 1436 0 
1417 1436 1411 0 
1413 1411 1412 0 
1413 1412 340 0 
1411 1436 27 0 
1411 27 1412 0 
231 1425 1419 0 
231 1419 1422 0 
1425 342 1420 0 
1425 1420 1419 0 
1422 1419 1421 0 
1422 1421 432 0 
1419 1420 5 0 
1419 5 1421 0 
232 1432 1428 0 
232 1428 1430 0 
1432 431 1429 0 
1432 1429 1428 0 
1430 1428 1444 0 
1430 1444 434 0 
1428 1429 19 0 
1428 19 1444 0 
236 1441 1435 0 
236 1435 1437 0 
1441 435 1456 0 
1441 1456 1435 0 
1437 1435 1436 0 
1437 1436 433 0 
1435 1456 27 0 
1435 27 1436 0 
234 1447 1443 0 
234 1443 1445 0 
1447 434 1444 0 
1447 1444 1443 0 
1445 1443 1825 0 
1445 1825 436 0 
1443 1444 19 0 
1443 19 1825 0 
235 1453 1450 0 
235 1450 1451 0 
1453 438 1817 0 
1453 1817 1450 0 
1451 1450 1464 0 
1451 1464 437 0 
1450 1817 20 0 
1450 20 1464 0 
239 1461 1455 0 
239 1455 1457 0 
1461 439 1477 0 
1461 1477 1455 0 
1457 1455 1456 0 
1457 1456 435 0 
1455 1477 27 0 
1455 27 1456 0 
237 1467 1463 0 
237 1463 1465 0 
1467 437 1464 0 
1467 1464 1463 0 
1465 1463 1949 0 
1465 1949 440 0 
1463 1464 20 0 
1463 20 1949 0 
238 1473 1470 0 
238 1470 1471 0 
1473 442 1941 0 
1473 1941 1470 0 
1471 1470 1486 0 
1471 1486 441 0 
1470 1941 11 0 
1470 11 1486 0 
242 1482 1475 0 
242 1475 1478 0 
1482 339 1476 0 
1482 1476 1475 0 
1478 1475 1477 0 
1478 1477 439 0 
1475 1476 27 0 
1475 27 1477 0 
240 1491 1485 0 
240 1485 1488 0 
1491 441 1486 0 
1491 1486 1485 0 
1488 1485 1487 0 
1488 1487 386 0 
1485 1486 11 0 
1485 11 1487 0 
241 1500 1494 0 
241 1494 1497 0 
1500 384 1495 0 
1500 1495 1494 0 
1497 1494 1496 0 
1497 1496 341 0 
1494 1495 1 0 
1494 1 1496 0 
245 1509 1503 0 
245 1503 1505 0 
1509 443 1524 0 
1509 1524 1503 0 
1505 1503 1504 0 
1505 1504 344 0 
1503 1524 28 0 
1503 28 1504 0 
243 1515 1511 0 
243 1511 1513 0 
1515 347 1512 0 
1515 1512 1511 0 
1513 1511 1683 0 
1513 1683 444 0 
1511 1512 7 0 
1511 7 1683 0 
244 1521 1518 0 
244 1518 1519 0 
1521 446 1675 0 
1521 1675 1518 0 
1519 1518 1532 0 
1519 1532 445 0 
1518 1675 14 0 
1518 14 1532 0 
248 1529 1523 0 
248 1523 1525 0 
1529 447 1548 0 
1529 1548 1523 0 
1525 1523 1524 0 
1525 1524 443 0 
1523 1548 28 0 
1523 28 1524 0 
246 1537 1531 0 
246 1531 1534 0 
1537 445 1532 0 
1537 1532 1531 0 
1534 1531 1533 0 
1534 1533 402 0 
1531 1532 14 0 
1531 14 1533 0 
247 1544 1540 0 
247 1540 1542 0 
1544 400 1541 0 
1544 1541 1540 0 
1542 1540 1556 0 
1542 1556 448 0 
1540 1541 13 0 
1540 13 1556 0 
251 1553 1547 0 
251 1547 1549 0 
1553 449 1573 0 
1553 1573 1547 0 
1549 1547 1548 0 
1549 1548 447 0 
1547 1573 28 0 
1547 28 1548 0 
249 1561 1555 0 
249 1555 1558 0 
1561 448 1556 0 
1561 1556 1555 0 
1558 1555 1557 0 
1558 1557 394 0 
1555 1556 13 0 
1555 13 1557 0 
250 1568 1564 0 
250 1564 1566 0 
1568 392 1565 0 
1568 1565 1564 0 
1566 1564 1582 0 
1566 1582 450 0 
1564 1565 12 0 
1564 12 1582 0 
254 1578 1571 0 
254 1571 1574 0 
1578 343 1572 0 
1578 1572 1571 0 
1574 1571 1573 0 
1574 1573 449 0 
1571 1572 28 0 
1571 28 1573 0 
252 1585 1581 0 
252 1581 1583 0 
1585 450 1582 0 
1585 1582 1581 0 
1583 1581 1901 0 
1583 1901 451 0 
1581 1582 12 0 
1581 12 1901 0 
253 1593 1588 0 
253 1588 1590 0 
1593 452 1893 0 
1593 1893 1588 0 
1590 1588 1589 0 
1590 1589 346 0 
1588 1893 6 0 
1588 6 1589 0 
257 1601 1595 0 
257 1595 1597 0 
1601 453 1616 0 
1601 1616 1595 0 
1597 1595 1596 0 
1597 1596 350 0 
1595 1616 29 0 
1595 29 1596 0 
255 1607 1603 0 
255 1603 1605 0 
1607 353 1604 0 
1607 1604 1603 0 
1605 1603 1779 0 
1605 1779 454 0 
1603 1604 8 0 
1603 8 1779 0 
256 1613 1610 0 
256 1610 1611 0 
1613 456 1771 0 
1613 1771 1610 0 
1611 1610 1624 0 
1611 1624 455 0 
1610 1771 16 0 
1610 16 1624 0 
260 1621 1615 0 
260 1615 1617 0 
1621 457 1640 0 
1621 1640 1615 0 
1617 1615 1616 0 
1617 1616 453 0 
1615 1640 29 0 
1615 29 1616 0 
258 1629 1623 0 
258 1623 1626 0 
1629 455 1624 0 
1629 1624 1623 0 
1626 1623 1625 0 
1626 1625 414 0 
1623 1624 16 0 
1623 16 1625 0 
259 1636 1632 0 
259 1632 1634 0 
1636 412 1633 0 
1636 1633 1632 0 
1634 1632 1648 0 
1634 1648 458 0 
1632 1633 15 0 
1632 15 1648 0 
263 1645 1639 0 
263 1639 1641 0 
1645 459 1665 0 
1645 1665 1639 0 
1641 1639 1640 0 
1641 1640 457 0 
1639 1665 29 0 
1639 29 1640 0 
261 1653 1647 0 
261 1647 1650 0 
1653 458 1648 0 
1653 1648 1647 0 
1650 1647 1649 0 
1650 1649 406 0 
1647 1648 15 0 
1647 15 1649 0 
262 1660 1656 0 
262 1656 1658 0 
1660 404 1657 0 
1660 1657 1656 0 
1658 1656 1674 0 
1658 1674 460 0 
1656 1657 14 0 
1656 14 1674 0 
266 1670 1663 0 
266 1663 1666 0 
1670 349 1664 0 
1670 1664 1663 0 
1666 1663 1665 0 
1666 1665 459 0 
1663 1664 29 0 
1663 29 1665 0 
264 1679 1673 0 
264 1673 1676 0 
1679 460 1674 0 
1679 1674 1673 0 
1676 1673 1675 0 
1676 1675 446 0 
1673 1674 14 0 
1673 14 1675 0 
265 1688 1682 0 
265 1682 1685 0 
1688 444 1683 0 
1688 1683 1682 0 
1685 1682 1684 0 
1685 1684 352 0 
1682 1683 7 0 
1682 7 1684 0 
269 1697 1691 0 
269 1691 1693 0 
1697 461 1712 0 
1697 1712 1691 0 
1693 1691 1692 0 
1693 1692 356 0 
1691 1712 30 0 
1691 30 1692 0 
267 1703 1699 0 
267 1699 1701 0 
1703 359 1700 0 
1703 1700 1699 0 
1701 1699 1875 0 
1701 1875 462 0 
1699 1700 9 0 
1699 9 1875 0 
268 1709 1706 0 
268 1706 1707 0 
1709 464 1867 0 
1709 1867 1706 0 
1707 1706 1720 0 
1707 1720 463 0 
1706 1867 18 0 
1706 18 1720 0 
272 1717 1711 0 
272 1711 1713 0 
1717 465 1736 0 
1717 1736 1711 0 
1713 1711 1712 0 
1713 1712 461 0 
1711 1736 30 0 
1711 30 1712 0 
270 1725 1719 0 
270 1719 1722 0 
1725 463 1720 0 
1725 1720 1719 0 
1722 1719 1721 0 
1722 1721 426 0 
1719 1720 18 0 
1719 18 1721 0 
271 1732 1728 0 
271 1728 1730 0 
1732 424 1729 0 
1732 1729 1728 0 
1730 1728 1744 0 
1730 1744 466 0 
1728 1729 17 0 
1728 17 1744 0 
275 1741 1735 0 
275 1735 1737 0 
1741 467 1761 0 
1741 1761 1735 0 
1737 1735 1736 0 
1737 1736 465 0 
1735 1761 30 0 
1735 30 1736 0 
273 1749 1743 0 
273 1743 1746 0 
1749 466 1744 0 
1749 1744 1743 0 
1746 1743 1745 0 
1746 1745 418 0 
1743 1744 17 0 
1743 17 1745 0 
274 1756 1752 0 
274 1752 1754 0 
1756 416 1753 0 
1756 1753 1752 0 
1754 1752 1770 0 
1754 1770 468 0 
1752 1753 16 0 
1752 16 1770 0 
278 1766 1759 0 
278 1759 1762 0 
1766 355 1760 0 
1766 1760 1759 0 
1762 1759 1761 0 
1762 1761 467 0 
1759 1760 30 0 
1759 30 1761 0 
276 1775 1769 0 
276 1769 1772 0 
1775 468 1770 0 
1775 1770 1769 0 
1772 1769 1771 0 
1772 1771 456 0 
1769 1770 16 0 
1769 16 1771 0 
277 1784 1778 0 
277 1778 1781 0 
1784 454 1779 0 
1784 1779 1778 0 
1781 1778 1780 0 
1781 1780 358 0 
1778 1779 8 0 
1778 8 1780 0 
281 1793 1787 0 
281 1787 1789 0 
1793 469 1808 0 
1793 1808 1787 0 
1789 1787 1788 0 
1789 1788 362 0 
1787 1808 31 0 
1787 31 1788 0 
279 1799 1795 0 
279 1795 1797 0 
1799 365 1796 0 
1799 1796 1795 0 
1797 1795 1975 0 
1797 1975 470 0 
1795 1796 10 0 
1795 10 1975 0 
280 1805 1802 0 
280 1802 1803 0 
1805 472 1967 0 
1805 1967 1802 0 
1803 1802 1816 0 
1803 1816 471 0 
1802 1967 20 0 
1802 20 1816 0 
284 1813 1807 0 
284 1807 1809 0 
1813 473 1832 0 
1813 1832 1807 0 
1809 1807 1808 0 
1809 1808 469 0 
1807 1832 31 0 
1807 31 1808 0 
282 1821 1815 0 
282 1815 1818 0 
1821 471 1816 0 
1821 1816 1815 0 
1818 1815 1817 0 
1818 1817 438 0 
1815 1816 20 0 
1815 20 1817 0 
283 1828 1824 0 
283 1824 1826 0 
1828 436 1825 0 
1828 1825 1824 0 
1826 1824 1840 0 
1826 1840 474 0 
1824 1825 19 0 
1824 19 1840 0 
287 1837 1831 0 
287 1831 1833 0 
1837 475 1857 0 
1837 1857 1831 0 
1833 1831 1832 0 
1833 1832 473 0 
1831 1857 31 0 
1831 31 1832 0 
285 1845 1839 0 
285 1839 1842 0 
1845 474 1840 0 
1845 1840 1839 0 
1842 1839 1841 0 
1842 1841 430 0 
1839 1840 19 0 
1839 19 1841 0 
286 1852 1848 0 
286 1848 1850 0 
1852 428 1849 0 
1852 1849 1848 0 
1850 1848 1866 0 
1850 1866 476 0 
1848 1849 18 0 
1848 18 1866 0 
290 1862 1855 0 
290 1855 1858 0 
1862 361 1856 0 
1862 1856 1855 0 
1858 1855 1857 0 
1858 1857 475 0 
1855 1856 31 0 
1855 31 1857 0 
288 1871 1865 0 
288 1865 1868 0 
1871 476 1866 0 
1871 1866 1865 0 
1868 1865 1867 0 
1868 1867 464 0 
1865 1866 18 0 
1865 18 1867 0 
289 1880 1874 0 
289 1874 1877 0 
1880 462 1875 0 
1880 1875 1874 0 
1877 1874 1876 0 
1877 1876 364 0 
1874 1875 9 0 
1874 9 1876 0 
293 1889 1883 0 
293 1883 1885 0 
1889 477 1908 0 
1889 1908 1883 0 
1885 1883 1884 0 
1885 1884 368 0 
1883 1908 32 0 
1883 32 1884 0 
291 1897 1891 0 
291 1891 1894 0 
1897 370 1892 0 
1897 1892 1891 0 
1894 1891 1893 0 
1894 1893 452 0 
1891 1892 6 0 
1891 6 1893 0 
292 1904 1900 0 
292 1900 1902 0 
1904 451 1901 0 
1904 1901 1900 0 
1902 1900 1916 0 
1902 1916 478 0 
1900 1901 12 0 
1900 12 1916 0 
296 1913 1907 0 
296 1907 1909 0 
1913 479 1932 0 
1913 1932 1907 0 
1909 1907 1908 0 
1909 1908 477 0 
1907 1932 32 0 
1907 32 1908 0 
294 1921 1915 0 
294 1915 1918 0 
1921 478 1916 0 
1921 1916 1915 0 
1918 1915 1917 0 
1918 1917 390 0 
1915 1916 12 0 
1915 12 1917 0 
295 1928 1924 0 
295 1924 1926 0 
1928 388 1925 0 
1928 1925 1924 0 
1926 1924 1940 0 
1926 1940 480 0 
1924 1925 11 0 
1924 11 1940 0 
299 1937 1931 0 
299 1931 1933 0 
1937 481 1957 0 
1937 1957 1931 0 
1933 1931 1932 0 
1933 1932 479 0 
1931 1957 32 0 
1931 32 1932 0 
297 1945 1939 0 
297 1939 1942 0 
1945 480 1940 0 
1945 1940 1939 0 
1942 1939 1941 0 
1942 1941 442 0 
1939 1940 11 0 
1939 11 1941 0 
298 1952 1948 0 
298 1948 1950 0 
1952 440 1949 0 
1952 1949 1948 0 
1950 1948 1966 0 
1950 1966 482 0 
1948 1949 20 0 
1948 20 1966 0 
302 1962 1955 0 
302 1955 1958 0 
1962 367 1956 0 
1962 1956 1955 0 
1958 1955 1957 0 
1958 1957 481 0 
1955 1956 32 0 
1955 32 1957 0 
300 1971 1965 0 
300 1965 1968 0 
1971 482 1966 0 
1971 1966 1965 0 
1968 1965 1967 0 
1968 1967 472 0 
1965 1966 20 0 
1965 20 1967 0 
301 1980 1974 0 
301 1974 1977 0 
1980 470 1975 0 
1980 1975 1974 0 
1977 1974 1976 0 
1977 1976 369 0 
1974 1975 10 0 
1974 10 1976 0 
124 484 671 0 
124 671 678 0 
484 123 670 0 
484 670 671 0 
678 671 778 0 
678 778 34 0 
671 670 305 0 
671 305 778 0 
124 676 668 0 
124 668 485 0 
676 35 866 0 
676 866 668 0 
485 668 667 0 
485 667 125 0 
668 866 304 0 
668 304 667 0 
127 487 687 0 
127 687 694 0 
487 126 686 0 
487 686 687 0 
694 687 862 0 
694 862 37 0 
687 686 311 0 
687 311 862 0 
127 692 684 0 
127 684 488 0 
692 38 966 0 
692 966 684 0 
488 684 683 0 
488 683 128 0 
684 966 310 0 
684 310 683 0 
130 490 703 0 
130 703 710 0 
490 129 702 0 
490 702 703 0 
710 703 886 0 
710 886 40 0 
703 702 317 0 
703 317 886 0 
130 708 700 0 
130 700 491 0 
708 41 1066 0 
708 1066 700 0 
491 700 699 0 
491 699 131 0 
700 1066 316 0 
700 316 699 0 
133 493 719 0 
133 719 726 0 
493 132 718 0 
493 718 719 0 
726 719 910 0 
726 910 43 0 
719 718 323 0 
719 323 910 0 
133 724 716 0 
133 716 494 0 
724 44 1150 0 
724 1150 716 0 
494 716 715 0 
494 715 134 0 
716 1150 322 0 
716 322 715 0 
136 496 735 0 
136 735 742 0 
496 135 734 0 
496 734 735 0 
742 735 934 0 
742 934 46 0 
735 734 329 0 
735 329 934 0 
136 740 732 0 
136 732 497 0 
740 47 1238 0 
740 1238 732 0 
497 732 731 0 
497 731 137 0 
732 1238 328 0 
732 328 731 0 
139 499 751 0 
139 751 758 0 
499 138 750 0 
499 750 751 0 
758 751 962 0 
758 962 49 0 
751 750 335 0 
751 335 962 0 
139 756 748 0 
139 748 500 0 
756 50 1326 0 
756 1326 748 0 
500 748 747 0 
500 747 140 0 
748 1326 334 0 
748 334 747 0 
141 769 777 0 
141 777 502 0 
769 34 778 0 
769 778 777 0 
502 777 776 0 
502 776 142 0 
777 778 305 0 
777 305 776 0 
142 775 764 0 
142 764 503 0 
775 52 1414 0 
775 1414 764 0 
503 764 763 0 
503 763 143 0 
764 1414 340 0 
764 340 763 0 
145 505 787 0 
145 787 794 0 
505 144 786 0 
505 786 787 0 
794 787 1062 0 
794 1062 54 0 
787 786 345 0 
787 345 1062 0 
145 792 784 0 
145 784 506 0 
792 55 1506 0 
792 1506 784 0 
506 784 783 0 
506 783 146 0 
784 1506 344 0 
784 344 783 0 
148 508 803 0 
148 803 810 0 
508 147 802 0 
508 802 803 0 
810 803 1034 0 
810 1034 57 0 
803 802 351 0 
803 351 1034 0 
148 808 800 0 
148 800 509 0 
808 58 1598 0 
808 1598 800 0 
509 800 799 0 
509 799 149 0 
800 1598 350 0 
800 350 799 0 
151 511 819 0 
151 819 826 0 
511 150 818 0 
511 818 819 0 
826 819 1010 0 
826 1010 60 0 
819 818 357 0 
819 357 1010 0 
151 824 816 0 
151 816 512 0 
824 61 1694 0 
824 1694 816 0 
512 816 815 0 
512 815 152 0 
816 1694 356 0 
816 356 815 0 
154 514 835 0 
154 835 842 0 
514 153 834 0 
514 834 835 0 
842 835 986 0 
842 986 63 0 
835 834 363 0 
835 363 986 0 
154 840 832 0 
154 832 515 0 
840 64 1790 0 
840 1790 832 0 
515 832 831 0 
515 831 155 0 
832 1790 362 0 
832 362 831 0 
156 853 861 0 
156 861 517 0 
853 37 862 0 
853 862 861 0 
517 861 860 0 
517 860 157 0 
861 862 311 0 
861 311 860 0 
157 859 848 0 
157 848 518 0 
859 66 1886 0 
859 1886 848 0 
518 848 847 0 
518 847 158 0 
848 1886 368 0 
848 368 847 0 
159 876 885 0 
159 885 520 0 
876 40 886 0 
876 886 885 0 
520 885 884 0 
520 884 160 0 
885 886 317 0 
885 317 884 0 
160 883 870 0 
160 870 521 0 
883 67 890 0 
883 890 870 0 
521 870 869 0 
521 869 161 0 
870 890 371 0 
870 371 869 0 
162 900 909 0 
162 909 523 0 
900 43 910 0 
900 910 909 0 
523 909 908 0 
523 908 163 0 
909 910 323 0 
909 323 908 0 
163 907 894 0 
163 894 524 0 
907 68 914 0 
907 914 894 0 
524 894 893 0 
524 893 164 0 
894 914 373 0 
894 373 893 0 
165 924 933 0 
165 933 526 0 
924 46 934 0 
924 934 933 0 
526 933 932 0 
526 932 166 0 
933 934 329 0 
933 329 932 0 
166 931 918 0 
166 918 527 0 
931 69 939 0 
931 939 918 0 
527 918 917 0 
527 917 167 0 
918 939 375 0 
918 375 917 0 
168 950 961 0 
168 961 529 0 
950 49 962 0 
950 962 961 0 
529 961 960 0 
529 960 169 0 
961 962 335 0 
961 335 960 0 
169 959 943 0 
169 943 530 0 
959 33 944 0 
959 944 943 0 
530 943 942 0 
530 942 170 0 
943 944 303 0 
943 303 942 0 
171 976 985 0 
171 985 532 0 
976 63 986 0 
976 986 985 0 
532 985 984 0 
532 984 172 0 
985 986 363 0 
985 363 984 0 
172 983 970 0 
172 970 533 0 
983 70 990 0 
983 990 970 0 
533 970 969 0 
533 969 173 0 
970 990 377 0 
970 377 969 0 
174 1000 1009 0 
174 1009 535 0 
1000 60 1010 0 
1000 1010 1009 0 
535 1009 1008 0 
535 1008 175 0 
1009 1010 357 0 
1009 357 1008 0 
175 1007 994 0 
175 994 536 0 
1007 71 1014 0 
1007 1014 994 0 
536 994 993 0 
536 993 176 0 
994 1014 379 0 
994 379 993 0 
177 1024 1033 0 
177 1033 538 0 
1024 57 1034 0 
1024 1034 1033 0 
538 1033 1032 0 
538 1032 178 0 
1033 1034 351 0 
1033 351 1032 0 
178 1031 1018 0 
178 1018 539 0 
1031 72 1039 0 
1031 1039 1018 0 
539 1018 1017 0 
539 1017 179 0 
1018 1039 381 0 
1018 381 1017 0 
180 1050 1061 0 
180 1061 541 0 
1050 54 1062 0 
1050 1062 1061 0 
541 1061 1060 0 
541 1060 181 0 
1061 1062 345 0 
1061 345 1060 0 
181 1059 1043 0 
181 1043 542 0 
1059 36 1044 0 
1059 1044 1043 0 
542 1043 1042 0 
542 1042 182 0 
1043 1044 309 0 
1043 309 1042 0 
184 544 1074 0 
184 1074 1082 0 
544 183 1073 0 
544 1073 1074 0 
1082 1074 1502 0 
1082 1502 73 0 
1074 1073 384 0 
1074 384 1502 0 
184 1080 1070 0 
184 1070 545 0 
1080 74 1086 0 
1080 1086 1070 0 
545 1070 1069 0 
545 1069 185 0 
1070 1086 383 0 
1070 383 1069 0 
187 547 1094 0 
187 1094 1102 0 
547 186 1093 0 
547 1093 1094 0 
1102 1094 1930 0 
1102 1930 75 0 
1094 1093 388 0 
1094 388 1930 0 
187 1100 1090 0 
187 1090 548 0 
1100 76 1106 0 
1100 1106 1090 0 
548 1090 1089 0 
548 1089 188 0 
1090 1106 387 0 
1090 387 1089 0 
190 550 1114 0 
190 1114 1122 0 
550 189 1113 0 
550 1113 1114 0 
1122 1114 1570 0 
1122 1570 77 0 
1114 1113 392 0 
1114 392 1570 0 
190 1120 1110 0 
190 1110 551 0 
1120 78 1127 0 
1120 1127 1110 0 
551 1110 1109 0 
551 1109 191 0 
1110 1127 391 0 
1110 391 1109 0 
193 553 1136 0 
193 1136 1146 0 
553 192 1135 0 
553 1135 1136 0 
1146 1136 1170 0 
1146 1170 79 0 
1136 1135 395 0 
1136 395 1170 0 
193 1144 1131 0 
193 1131 554 0 
1144 39 1132 0 
1144 1132 1131 0 
554 1131 1130 0 
554 1130 194 0 
1131 1132 315 0 
1131 315 1130 0 
195 1160 1169 0 
195 1169 556 0 
1160 79 1170 0 
1160 1170 1169 0 
556 1169 1168 0 
556 1168 196 0 
1169 1170 395 0 
1169 395 1168 0 
196 1167 1154 0 
196 1154 557 0 
1167 80 1174 0 
1167 1174 1154 0 
557 1154 1153 0 
557 1153 197 0 
1154 1174 397 0 
1154 397 1153 0 
199 559 1182 0 
199 1182 1190 0 
559 198 1181 0 
559 1181 1182 0 
1190 1182 1546 0 
1190 1546 81 0 
1182 1181 400 0 
1182 400 1546 0 
199 1188 1178 0 
199 1178 560 0 
1188 82 1194 0 
1188 1194 1178 0 
560 1178 1177 0 
560 1177 200 0 
1178 1194 399 0 
1178 399 1177 0 
202 562 1202 0 
202 1202 1210 0 
562 201 1201 0 
562 1201 1202 0 
1210 1202 1662 0 
1210 1662 83 0 
1202 1201 404 0 
1202 404 1662 0 
202 1208 1198 0 
202 1198 563 0 
1208 84 1215 0 
1208 1215 1198 0 
563 1198 1197 0 
563 1197 203 0 
1198 1215 403 0 
1198 403 1197 0 
205 565 1224 0 
205 1224 1234 0 
565 204 1223 0 
565 1223 1224 0 
1234 1224 1258 0 
1234 1258 85 0 
1224 1223 407 0 
1224 407 1258 0 
205 1232 1219 0 
205 1219 566 0 
1232 42 1220 0 
1232 1220 1219 0 
566 1219 1218 0 
566 1218 206 0 
1219 1220 321 0 
1219 321 1218 0 
207 1248 1257 0 
207 1257 568 0 
1248 85 1258 0 
1248 1258 1257 0 
568 1257 1256 0 
568 1256 208 0 
1257 1258 407 0 
1257 407 1256 0 
208 1255 1242 0 
208 1242 569 0 
1255 86 1262 0 
1255 1262 1242 0 
569 1242 1241 0 
569 1241 209 0 
1242 1262 409 0 
1242 409 1241 0 
211 571 1270 0 
211 1270 1278 0 
571 210 1269 0 
571 1269 1270 0 
1278 1270 1638 0 
1278 1638 87 0 
1270 1269 412 0 
1270 412 1638 0 
211 1276 1266 0 
211 1266 572 0 
1276 88 1282 0 
1276 1282 1266 0 
572 1266 1265 0 
572 1265 212 0 
1266 1282 411 0 
1266 411 1265 0 
214 574 1290 0 
214 1290 1298 0 
574 213 1289 0 
574 1289 1290 0 
1298 1290 1758 0 
1298 1758 89 0 
1290 1289 416 0 
1290 416 1758 0 
214 1296 1286 0 
214 1286 575 0 
1296 90 1303 0 
1296 1303 1286 0 
575 1286 1285 0 
575 1285 215 0 
1286 1303 415 0 
1286 415 1285 0 
217 577 1312 0 
217 1312 1322 0 
577 216 1311 0 
577 1311 1312 0 
1322 1312 1346 0 
1322 1346 91 0 
1312 1311 419 0 
1312 419 1346 0 
217 1320 1307 0 
217 1307 578 0 
1320 45 1308 0 
1320 1308 1307 0 
578 1307 1306 0 
578 1306 218 0 
1307 1308 327 0 
1307 327 1306 0 
219 1336 1345 0 
219 1345 580 0 
1336 91 1346 0 
1336 1346 1345 0 
580 1345 1344 0 
580 1344 220 0 
1345 1346 419 0 
1345 419 1344 0 
220 1343 1330 0 
220 1330 581 0 
1343 92 1350 0 
1343 1350 1330 0 
581 1330 1329 0 
581 1329 221 0 
1330 1350 421 0 
1330 421 1329 0 
223 583 1358 0 
223 1358 1366 0 
583 222 1357 0 
583 1357 1358 0 
1366 1358 1734 0 
1366 1734 93 0 
1358 1357 424 0 
1358 424 1734 0 
223 1364 1354 0 
223 1354 584 0 
1364 94 1370 0 
1364 1370 1354 0 
584 1354 1353 0 
584 1353 224 0 
1354 1370 423 0 
1354 423 1353 0 
226 586 1378 0 
226 1378 1386 0 
586 225 1377 0 
586 1377 1378 0 
1386 1378 1854 0 
1386 1854 95 0 
1378 1377 428 0 
1378 428 1854 0 
226 1384 1374 0 
226 1374 587 0 
1384 96 1391 0 
1384 1391 1374 0 
587 1374 1373 0 
587 1373 227 0 
1374 1391 427 0 
1374 427 1373 0 
229 589 1400 0 
229 1400 1410 0 
589 228 1399 0 
589 1399 1400 0 
1410 1400 1434 0 
1410 1434 97 0 
1400 1399 431 0 
1400 431 1434 0 
229 1408 1395 0 
229 1395 590 0 
1408 48 1396 0 
1408 1396 1395 0 
590 1395 1394 0 
590 1394 230 0 
1395 1396 333 0 
1395 333 1394 0 
231 1424 1433 0 
231 1433 592 0 
1424 97 1434 0 
1424 1434 1433 0 
592 1433 1432 0 
592 1432 232 0 
1433 1434 431 0 
1433 431 1432 0 
232 1431 1418 0 
232 1418 593 0 
1431 98 1438 0 
1431 1438 1418 0 
593 1418 1417 0 
593 1417 233 0 
1418 1438 433 0 
1418 433 1417 0 
235 595 1446 0 
235 1446 1454 0 
595 234 1445 0 
595 1445 1446 0 
1454 1446 1830 0 
1454 1830 99 0 
1446 1445 436 0 
1446 436 1830 0 
235 1452 1442 0 
235 1442 596 0 
1452 100 1458 0 
1452 1458 1442 0 
596 1442 1441 0 
596 1441 236 0 
1442 1458 435 0 
1442 435 1441 0 
238 598 1466 0 
238 1466 1474 0 
598 237 1465 0 
598 1465 1466 0 
1474 1466 1954 0 
1474 1954 101 0 
1466 1465 440 0 
1466 440 1954 0 
238 1472 1462 0 
238 1462 599 0 
1472 102 1479 0 
1472 1479 1462 0 
599 1462 1461 0 
599 1461 239 0 
1462 1479 439 0 
1462 439 1461 0 
240 1490 1501 0 
240 1501 601 0 
1490 73 1502 0 
1490 1502 1501 0 
601 1501 1500 0 
601 1500 241 0 
1501 1502 384 0 
1501 384 1500 0 
241 1499 1483 0 
241 1483 602 0 
1499 51 1484 0 
1499 1484 1483 0 
602 1483 1482 0 
602 1482 242 0 
1483 1484 339 0 
1483 339 1482 0 
244 604 1514 0 
244 1514 1522 0 
604 243 1513 0 
604 1513 1514 0 
1522 1514 1690 0 
1522 1690 103 0 
1514 1513 444 0 
1514 444 1690 0 
244 1520 1510 0 
244 1510 605 0 
1520 104 1526 0 
1520 1526 1510 0 
605 1510 1509 0 
605 1509 245 0 
1510 1526 443 0 
1510 443 1509 0 
246 1536 1545 0 
246 1545 607 0 
1536 81 1546 0 
1536 1546 1545 0 
607 1545 1544 0 
607 1544 247 0 
1545 1546 400 0 
1545 400 1544 0 
247 1543 1530 0 
247 1530 608 0 
1543 105 1550 0 
1543 1550 1530 0 
608 1530 1529 0 
608 1529 248 0 
1530 1550 447 0 
1530 447 1529 0 
249 1560 1569 0 
249 1569 610 0 
1560 77 1570 0 
1560 1570 1569 0 
610 1569 1568 0 
610 1568 250 0 
1569 1570 392 0 
1569 392 1568 0 
250 1567 1554 0 
250 1554 611 0 
1567 106 1575 0 
1567 1575 1554 0 
611 1554 1553 0 
611 1553 251 0 
1554 1575 449 0 
1554 449 1553 0 
253 613 1584 0 
253 1584 1594 0 
613 252 1583 0 
613 1583 1584 0 
1594 1584 1906 0 
1594 1906 107 0 
1584 1583 451 0 
1584 451 1906 0 
253 1592 1579 0 
253 1579 614 0 
1592 53 1580 0 
1592 1580 1579 0 
614 1579 1578 0 
614 1578 254 0 
1579 1580 343 0 
1579 343 1578 0 
256 616 1606 0 
256 1606 1614 0 
616 255 1605 0 
616 1605 1606 0 
1614 1606 1786 0 
1614 1786 108 0 
1606 1605 454 0 
1606 454 1786 0 
256 1612 1602 0 
256 1602 617 0 
1612 109 1618 0 
1612 1618 1602 0 
617 1602 1601 0 
617 1601 257 0 
1602 1618 453 0 
1602 453 1601 0 
258 1628 1637 0 
258 1637 619 0 
1628 87 1638 0 
1628 1638 1637 0 
619 1637 1636 0 
619 1636 259 0 
1637 1638 412 0 
1637 412 1636 0 
259 1635 1622 0 
259 1622 620 0 
1635 110 1642 0 
1635 1642 1622 0 
620 1622 1621 0 
620 1621 260 0 
1622 1642 457 0 
1622 457 1621 0 
261 1652 1661 0 
261 1661 622 0 
1652 83 1662 0 
1652 1662 1661 0 
622 1661 1660 0 
622 1660 262 0 
1661 1662 404 0 
1661 404 1660 0 
262 1659 1646 0 
262 1646 623 0 
1659 111 1667 0 
1659 1667 1646 0 
623 1646 1645 0 
623 1645 263 0 
1646 1667 459 0 
1646 459 1645 0 
264 1678 1689 0 
264 1689 625 0 
1678 103 1690 0 
1678 1690 1689 0 
625 1689 1688 0 
625 1688 265 0 
1689 1690 444 0 
1689 444 1688 0 
265 1687 1671 0 
265 1671 626 0 
1687 56 1672 0 
1687 1672 1671 0 
626 1671 1670 0 
626 1670 266 0 
1671 1672 349 0 
1671 349 1670 0 
268 628 1702 0 
268 1702 1710 0 
628 267 1701 0 
628 1701 1702 0 
1710 1702 1882 0 
1710 1882 112 0 
1702 1701 462 0 
1702 462 1882 0 
268 1708 1698 0 
268 1698 629 0 
1708 113 1714 0 
1708 1714 1698 0 
629 1698 1697 0 
629 1697 269 0 
1698 1714 461 0 
1698 461 1697 0 
270 1724 1733 0 
270 1733 631 0 
1724 93 1734 0 
1724 1734 1733 0 
631 1733 1732 0 
631 1732 271 0 
1733 1734 424 0 
1733 424 1732 0 
271 1731 1718 0 
271 1718 632 0 
1731 114 1738 0 
1731 1738 1718 0 
632 1718 1717 0 
632 1717 272 0 
1718 1738 465 0 
1718 465 1717 0 
273 1748 1757 0 
273 1757 634 0 
1748 89 1758 0 
1748 1758 1757 0 
634 1757 1756 0 
634 1756 274 0 
1757 1758 416 0 
1757 416 1756 0 
274 1755 1742 0 
274 1742 635 0 
1755 115 1763 0 
1755 1763 1742 0 
635 1742 1741 0 
635 1741 275 0 
1742 1763 467 0 
1742 467 1741 0 
276 1774 1785 0 
276 1785 637 0 
1774 108 1786 0 
1774 1786 1785 0 
637 1785 1784 0 
637 1784 277 0 
1785 1786 454 0 
1785 454 1784 0 
277 1783 1767 0 
277 1767 638 0 
1783 59 1768 0 
1783 1768 1767 0 
638 1767 1766 0 
638 1766 278 0 
1767 1768 355 0 
1767 355 1766 0 
280 640 1798 0 
280 1798 1806 0 
640 279 1797 0 
640 1797 1798 0 
1806 1798 1982 0 
1806 1982 116 0 
1798 1797 470 0 
1798 470 1982 0 
280 1804 1794 0 
280 1794 641 0 
1804 117 1810 0 
1804 1810 1794 0 
641 1794 1793 0 
641 1793 281 0 
1794 1810 469 0 
1794 469 1793 0 
282 1820 1829 0 
282 1829 643 0 
1820 99 1830 0 
1820 1830 1829 0 
643 1829 1828 0 
643 1828 283 0 
1829 1830 436 0 
1829 436 1828 0 
283 1827 1814 0 
283 1814 644 0 
1827 118 1834 0 
1827 1834 1814 0 
644 1814 1813 0 
644 1813 284 0 
1814 1834 473 0 
1814 473 1813 0 
285 1844 1853 0 
285 1853 646 0 
1844 95 1854 0 
1844 1854 1853 0 
646 1853 1852 0 
646 1852 286 0 
1853 1854 428 0 
1853 428 1852 0 
286 1851 1838 0 
286 1838 647 0 
1851 119 1859 0 
1851 1859 1838 0 
647 1838 1837 0 
647 1837 287 0 
1838 1859 475 0 
1838 475 1837 0 
288 1870 1881 0 
288 1881 649 0 
1870 112 1882 0 
1870 1882 1881 0 
649 1881 1880 0 
649 1880 289 0 
1881 1882 462 0 
1881 462 1880 0 
289 1879 1863 0 
289 1863 650 0 
1879 62 1864 0 
1879 1864 1863 0 
650 1863 1862 0 
650 1862 290 0 
1863 1864 361 0 
1863 361 1862 0 
291 1896 1905 0 
291 1905 652 0 
1896 107 1906 0 
1896 1906 1905 0 
652 1905 1904 0 
652 1904 292 0 
1905 1906 451 0 
1905 451 1904 0 
292 1903 1890 0 
292 1890 653 0 
1903 120 1910 0 
1903 1910 1890 0 
653 1890 1889 0 
653 1889 293 0 
1890 1910 477 0 
1890 477 1889 0 
294 1920 1929 0 
294 1929 655 0 
1920 75 1930 0 
1920 1930 1929 0 
655 1929 1928 0 
655 1928 295 0 
1929 1930 388 0 
1929 388 1928 0 
295 1927 1914 0 
295 1914 656 0 
1927 121 1934 0 
1927 1934 1914 0 
656 1914 1913 0 
656 1913 296 0 
1914 1934 479 0 
1914 479 1913 0 
297 1944 1953 0 
297 1953 658 0 
1944 101 1954 0 
1944 1954 1953 0 
658 1953 1952 0 
658 1952 298 0 
1953 1954 440 0 
1953 440 1952 0 
298 1951 1938 0 
298 1938 659 0 
1951 122 1959 0 
1951 1959 1938 0 
659 1938 1937 0 
659 1937 299 0 
1938 1959 481 0 
1938 481 1937 0 
300 1970 1981 0 
300 1981 661 0 
1970 116 1982 0 
1970 1982 1981 0 
661 1981 1980 0 
661 1980 301 0 
1981 1982 470 0 
1981 470 1980 0 
301 1979 1963 0 
301 1963 662 0 
1979 65 1964 0 
1979 1964 1963 0 
662 1963 1962 0 
662 1962 302 0 
1963 1964 367 0 
1963 367 1962 0 
33 665 666 0 
33 666 944 0 
665 125 664 0 
665 664 666 0 
944 666 664 0 
944 664 303 0 
123 673 958 0 
123 958 672 0 
673 33 959 0 
673 959 958 0 
672 958 957 0 
672 957 306 0 
958 959 169 0 
958 169 957 0 
124 675 879 0 
124 879 676 0 
675 307 877 0 
675 877 879 0 
676 879 878 0 
676 878 35 0 
879 877 159 0 
879 159 878 0 
124 678 768 0 
124 768 677 0 
678 34 769 0 
678 769 768 0 
677 768 767 0 
677 767 308 0 
768 769 141 0 
768 141 767 0 
36 681 682 0 
36 682 1044 0 
681 128 680 0 
681 680 682 0 
1044 682 680 0 
1044 680 309 0 
126 689 1058 0 
126 1058 688 0 
689 36 1059 0 
689 1059 1058 0 
688 1058 1057 0 
688 1057 312 0 
1058 1059 181 0 
1058 181 1057 0 
127 691 979 0 
127 979 692 0 
691 313 977 0 
691 977 979 0 
692 979 978 0 
692 978 38 0 
979 977 171 0 
979 171 978 0 
127 694 852 0 
127 852 693 0 
694 37 853 0 
694 853 852 0 
693 852 851 0 
693 851 314 0 
852 853 156 0 
852 156 851 0 
39 697 698 0 
39 698 1132 0 
697 131 696 0 
697 696 698 0 
1132 698 696 0 
1132 696 315 0 
129 705 1143 0 
129 1143 704 0 
705 39 1144 0 
705 1144 1143 0 
704 1143 1142 0 
704 1142 318 0 
1143 1144 193 0 
1143 193 1142 0 
130 707 1077 0 
130 1077 708 0 
707 319 1075 0 
707 1075 1077 0 
708 1077 1076 0 
708 1076 41 0 
1077 1075 183 0 
1077 183 1076 0 
130 710 875 0 
130 875 709 0 
710 40 876 0 
710 876 875 0 
709 875 874 0 
709 874 320 0 
875 876 159 0 
875 159 874 0 
42 713 714 0 
42 714 1220 0 
713 134 712 0 
713 712 714 0 
1220 714 712 0 
1220 712 321 0 
132 721 1231 0 
132 1231 720 0 
721 42 1232 0 
721 1232 1231 0 
720 1231 1230 0 
720 1230 324 0 
1231 1232 205 0 
1231 205 1230 0 
133 723 1163 0 
133 1163 724 0 
723 325 1161 0 
723 1161 1163 0 
724 1163 1162 0 
724 1162 44 0 
1163 1161 195 0 
1163 195 1162 0 
133 726 899 0 
133 899 725 0 
726 43 900 0 
726 900 899 0 
725 899 898 0 
725 898 326 0 
899 900 162 0 
899 162 898 0 
45 729 730 0 
45 730 1308 0 
729 137 728 0 
729 728 730 0 
1308 730 728 0 
1308 728 327 0 
135 737 1319 0 
135 1319 736 0 
737 45 1320 0 
737 1320 1319 0 
736 1319 1318 0 
736 1318 330 0 
1319 1320 217 0 
1319 217 1318 0 
136 739 1251 0 
136 1251 740 0 
739 331 1249 0 
739 1249 1251 0 
740 1251 1250 0 
740 1250 47 0 
1251 1249 207 0 
1251 207 1250 0 
136 742 923 0 
136 923 741 0 
742 46 924 0 
742 924 923 0 
741 923 922 0 
741 922 332 0 
923 924 165 0 
923 165 922 0 
48 745 746 0 
48 746 1396 0 
745 140 744 0 
745 744 746 0 
1396 746 744 0 
1396 744 333 0 
138 753 1407 0 
138 1407 752 0 
753 48 1408 0 
753 1408 1407 0 
752 1407 1406 0 
752 1406 336 0 
1407 1408 229 0 
1407 229 1406 0 
139 755 1339 0 
139 1339 756 0 
755 337 1337 0 
755 1337 1339 0 
756 1339 1338 0 
756 1338 50 0 
1339 1337 219 0 
1339 219 1338 0 
139 758 949 0 
139 949 757 0 
758 49 950 0 
758 950 949 0 
757 949 948 0 
757 948 338 0 
949 950 168 0 
949 168 948 0 
51 761 762 0 
51 762 1484 0 
761 143 760 0 
761 760 762 0 
1484 762 760 0 
1484 760 339 0 
141 771 1498 0 
141 1498 770 0 
771 51 1499 0 
771 1499 1498 0 
770 1498 1497 0 
770 1497 341 0 
1498 1499 241 0 
1498 241 1497 0 
142 774 1427 0 
142 1427 775 0 
774 342 1425 0 
774 1425 1427 0 
775 1427 1426 0 
775 1426 52 0 
1427 1425 231 0 
1427 231 1426 0 
53 781 782 0 
53 782 1580 0 
781 146 780 0 
781 780 782 0 
1580 782 780 0 
1580 780 343 0 
144 789 1591 0 
144 1591 788 0 
789 53 1592 0 
789 1592 1591 0 
788 1591 1590 0 
788 1590 346 0 
1591 1592 253 0 
1591 253 1590 0 
145 791 1517 0 
145 1517 792 0 
791 347 1515 0 
791 1515 1517 0 
792 1517 1516 0 
792 1516 55 0 
1517 1515 243 0 
1517 243 1516 0 
145 794 1049 0 
145 1049 793 0 
794 54 1050 0 
794 1050 1049 0 
793 1049 1048 0 
793 1048 348 0 
1049 1050 180 0 
1049 180 1048 0 
56 797 798 0 
56 798 1672 0 
797 149 796 0 
797 796 798 0 
1672 798 796 0 
1672 796 349 0 
147 805 1686 0 
147 1686 804 0 
805 56 1687 0 
805 1687 1686 0 
804 1686 1685 0 
804 1685 352 0 
1686 1687 265 0 
1686 265 1685 0 
148 807 1609 0 
148 1609 808 0 
807 353 1607 0 
807 1607 1609 0 
808 1609 1608 0 
808 1608 58 0 
1609 1607 255 0 
1609 255 1608 0 
148 810 1023 0 
148 1023 809 0 
810 57 1024 0 
810 1024 1023 0 
809 1023 1022 0 
809 1022 354 0 
1023 1024 177 0 
1023 177 1022 0 
59 813 814 0 
59 814 1768 0 
813 152 812 0 
813 812 814 0 
1768 814 812 0 
1768 812 355 0 
150 821 1782 0 
150 1782 820 0 
821 59 1783 0 
821 1783 1782 0 
820 1782 1781 0 
820 1781 358 0 
1782 1783 277 0 
1782 277 1781 0 
151 823 1705 0 
151 1705 824 0 
823 359 1703 0 
823 1703 1705 0 
824 1705 1704 0 
824 1704 61 0 
1705 1703 267 0 
1705 267 1704 0 
151 826 999 0 
151 999 825 0 
826 60 1000 0 
826 1000 999 0 
825 999 998 0 
825 998 360 0 
999 1000 174 0 
999 174 998 0 
62 829 830 0 
62 830 1864 0 
829 155 828 0 
829 828 830 0 
1864 830 828 0 
1864 828 361 0 
153 837 1878 0 
153 1878 836 0 
837 62 1879 0 
837 1879 1878 0 
836 1878 1877 0 
836 1877 364 0 
1878 1879 289 0 
1878 289 1877 0 
154 839 1801 0 
154 1801 840 0 
839 365 1799 0 
839 1799 1801 0 
840 1801 1800 0 
840 1800 64 0 
1801 1799 279 0 
1801 279 1800 0 
154 842 975 0 
154 975 841 0 
842 63 976 0 
842 976 975 0 
841 975 974 0 
841 974 366 0 
975 976 171 0 
975 171 974 0 
65 845 846 0 
65 846 1964 0 
845 158 844 0 
845 844 846 0 
1964 846 844 0 
1964 844 367 0 
156 855 1978 0 
156 1978 854 0 
855 65 1979 0 
855 1979 1978 0 
854 1978 1977 0 
854 1977 369 0 
1978 1979 301 0 
1978 301 1977 0 
157 858 1899 0 
157 1899 859 0 
858 370 1897 0 
858 1897 1899 0 
859 1899 1898 0 
859 1898 66 0 
1899 1897 291 0 
1899 291 1898 0 
35 867 868 0 
35 868 866 0 
867 161 865 0 
867 865 868 0 
866 868 865 0 
866 865 304 0 
160 882 903 0 
160 903 883 0 
882 372 901 0 
882 901 903 0 
883 903 902 0 
883 902 67 0 
903 901 162 0 
903 162 902 0 
67 891 892 0 
67 892 890 0 
891 164 889 0 
891 889 892 0 
890 892 889 0 
890 889 371 0 
163 906 927 0 
163 927 907 0 
906 374 925 0 
906 925 927 0 
907 927 926 0 
907 926 68 0 
927 925 165 0 
927 165 926 0 
68 915 916 0 
68 916 914 0 
915 167 913 0 
915 913 916 0 
914 916 913 0 
914 913 373 0 
166 930 953 0 
166 953 931 0 
930 376 951 0 
930 951 953 0 
931 953 952 0 
931 952 69 0 
953 951 168 0 
953 168 952 0 
69 940 941 0 
69 941 939 0 
940 170 938 0 
940 938 941 0 
939 941 938 0 
939 938 375 0 
38 967 968 0 
38 968 966 0 
967 173 965 0 
967 965 968 0 
966 968 965 0 
966 965 310 0 
172 982 1003 0 
172 1003 983 0 
982 378 1001 0 
982 1001 1003 0 
983 1003 1002 0 
983 1002 70 0 
1003 1001 174 0 
1003 174 1002 0 
70 991 992 0 
70 992 990 0 
991 176 989 0 
991 989 992 0 
990 992 989 0 
990 989 377 0 
175 1006 1027 0 
175 1027 1007 0 
1006 380 1025 0 
1006 1025 1027 0 
1007 1027 1026 0 
1007 1026 71 0 
1027 1025 177 0 
1027 177 1026 0 
71 1015 1016 0 
71 1016 1014 0 
1015 179 1013 0 
1015 1013 1016 0 
1014 1016 1013 0 
1014 1013 379 0 
178 1030 1053 0 
178 1053 1031 0 
1030 382 1051 0 
1030 1051 1053 0 
1031 1053 1052 0 
1031 1052 72 0 
1053 1051 180 0 
1053 180 1052 0 
72 1040 1041 0 
72 1041 1039 0 
1040 182 1038 0 
1040 1038 1041 0 
1039 1041 1038 0 
1039 1038 381 0 
41 1067 1068 0 
41 1068 1066 0 
1067 185 1065 0 
1067 1065 1068 0 
1066 1068 1065 0 
1066 1065 316 0 
184 1079 1097 0 
184 1097 1080 0 
1079 385 1095 0 
1079 1095 1097 0 
1080 1097 1096 0 
1080 1096 74 0 
1097 1095 186 0 
1097 186 1096 0 
184 1082 1489 0 
184 1489 1081 0 
1082 73 1490 0 
1082 1490 1489 0 
1081 1489 1488 0 
1081 1488 386 0 
1489 1490 240 0 
1489 240 1488 0 
74 1087 1088 0 
74 1088 1086 0 
1087 188 1085 0 
1087 1085 1088 0 
1086 1088 1085 0 
1086 1085 383 0 
187 1099 1117 0 
187 1117 1100 0 
1099 389 1115 0 
1099 1115 1117 0 
1100 1117 1116 0 
1100 1116 76 0 
1117 1115 189 0 
1117 189 1116 0 
187 1102 1919 0 
187 1919 1101 0 
1102 75 1920 0 
1102 1920 1919 0 
1101 1919 1918 0 
1101 1918 390 0 
1919 1920 294 0 
1919 294 1918 0 
76 1107 1108 0 
76 1108 1106 0 
1107 191 1105 0 
1107 1105 1108 0 
1106 1108 1105 0 
1106 1105 387 0 
190 1119 1139 0 
190 1139 1120 0 
1119 393 1137 0 
1119 1137 1139 0 
1120 1139 1138 0 
1120 1138 78 0 
1139 1137 192 0 
1139 192 1138 0 
190 1122 1559 0 
190 1559 1121 0 
1122 77 1560 0 
1122 1560 1559 0 
1121 1559 1558 0 
1121 1558 394 0 
1559 1560 249 0 
1559 249 1558 0 
78 1128 1129 0 
78 1129 1127 0 
1128 194 1126 0 
1128 1126 1129 0 
1127 1129 1126 0 
1127 1126 391 0 
193 1146 1159 0 
193 1159 1145 0 
1146 79 1160 0 
1146 1160 1159 0 
1145 1159 1158 0 
1145 1158 396 0 
1159 1160 195 0 
1159 195 1158 0 
44 1151 1152 0 
44 1152 1150 0 
1151 197 1149 0 
1151 1149 1152 0 
1150 1152 1149 0 
1150 1149 322 0 
196 1166 1185 0 
196 1185 1167 0 
1166 398 1183 0 
1166 1183 1185 0 
1167 1185 1184 0 
1167 1184 80 0 
1185 1183 198 0 
1185 198 1184 0 
80 1175 1176 0 
80 1176 1174 0 
1175 200 1173 0 
1175 1173 1176 0 
1174 1176 1173 0 
1174 1173 397 0 
199 1187 1205 0 
199 1205 1188 0 
1187 401 1203 0 
1187 1203 1205 0 
1188 1205 1204 0 
1188 1204 82 0 
1205 1203 201 0 
1205 201 1204 0 
199 1190 1535 0 
199 1535 1189 0 
1190 81 1536 0 
1190 1536 1535 0 
1189 1535 1534 0 
1189 1534 402 0 
1535 1536 246 0 
1535 246 1534 0 
82 1195 1196 0 
82 1196 1194 0 
1195 203 1193 0 
1195 1193 1196 0 
1194 1196 1193 0 
1194 1193 399 0 
202 1207 1227 0 
202 1227 1208 0 
1207 405 1225 0 
1207 1225 1227 0 
1208 1227 1226 0 
1208 1226 84 0 
1227 1225 204 0 
1227 204 1226 0 
202 1210 1651 0 
202 1651 1209 0 
1210 83 1652 0 
1210 1652 1651 0 
1209 1651 1650 0 
1209 1650 406 0 
1651 1652 261 0 
1651 261 1650 0 
84 1216 1217 0 
84 1217 1215 0 
1216 206 1214 0 
1216 1214 1217 0 
1215 1217 1214 0 
1215 1214 403 0 
205 1234 1247 0 
205 1247 1233 0 
1234 85 1248 0 
1234 1248 1247 0 
1233 1247 1246 0 
1233 1246 408 0 
1247 1248 207 0 
1247 207 1246 0 
47 1239 1240 0 
47 1240 1238 0 
1239 209 1237 0 
1239 1237 1240 0 
1238 1240 1237 0 
1238 1237 328 0 
208 1254 1273 0 
208 1273 1255 0 
1254 410 1271 0 
1254 1271 1273 0 
1255 1273 1272 0 
1255 1272 86 0 
1273 1271 210 0 
1273 210 1272 0 
86 1263 1264 0 
86 1264 1262 0 
1263 212 1261 0 
1263 1261 1264 0 
1262 1264 1261 0 
1262 1261 409 0 
211 1275 1293 0 
211 1293 1276 0 
1275 413 1291 0 
1275 1291 1293 0 
1276 1293 1292 0 
1276 1292 88 0 
1293 1291 213 0 
1293 213 1292 0 
211 1278 1627 0 
211 1627 1277 0 
1278 87 1628 0 
1278 1628 1627 0 
1277 1627 1626 0 
1277 1626 414 0 
1627 1628 258 0 
1627 258 1626 0 
88 1283 1284 0 
88 1284 1282 0 
1283 215 1281 0 
1283 1281 1284 0 
1282 1284 1281 0 
1282 1281 411 0 
214 1295 1315 0 
214 1315 1296 0 
1295 417 1313 0 
1295 1313 1315 0 
1296 1315 1314 0 
1296 1314 90 0 
1315 1313 216 0 
1315 216 1314 0 
214 1298 1747 0 
214 1747 1297 0 
1298 89 1748 0 
1298 1748 1747 0 
1297 1747 1746 0 
1297 1746 418 0 
1747 1748 273 0 
1747 273 1746 0 
90 1304 1305 0 
90 1305 1303 0 
1304 218 1302 0 
1304 1302 1305 0 
1303 1305 1302 0 
1303 1302 415 0 
217 1322 1335 0 
217 1335 1321 0 
1322 91 1336 0 
1322 1336 1335 0 
1321 1335 1334 0 
1321 1334 420 0 
1335 1336 219 0 
1335 219 1334 0 
50 1327 1328 0 
50 1328 1326 0 
1327 221 1325 0 
1327 1325 1328 0 
1326 1328 1325 0 
1326 1325 334 0 
220 1342 1361 0 
220 1361 1343 0 
1342 422 1359 0 
1342 1359 1361 0 
1343 1361 1360 0 
1343 1360 92 0 
1361 1359 222 0 
1361 222 1360 0 
92 1351 1352 0 
92 1352 1350 0 
1351 224 1349 0 
1351 1349 1352 0 
1350 1352 1349 0 
1350 1349 421 0 
223 1363 1381 0 
223 1381 1364 0 
1363 425 1379 0 
1363 1379 1381 0 
1364 1381 1380 0 
1364 1380 94 0 
1381 1379 225 0 
1381 225 1380 0 
223 1366 1723 0 
223 1723 1365 0 
1366 93 1724 0 
1366 1724 1723 0 
1365 1723 1722 0 
1365 1722 426 0 
1723 1724 270 0 
1723 270 1722 0 
94 1371 1372 0 
94 1372 1370 0 
1371 227 1369 0 
1371 1369 1372 0 
1370 1372 1369 0 
1370 1369 423 0 
226 1383 1403 0 
226 1403 1384 0 
1383 429 1401 0 
1383 1401 1403 0 
1384 1403 1402 0 
1384 1402 96 0 
1403 1401 228 0 
1403 228 1402 0 
226 1386 1843 0 
226 1843 1385 0 
1386 95 1844 0 
1386 1844 1843 0 
1385 1843 1842 0 
1385 1842 430 0 
1843 1844 285 0 
1843 285 1842 0 
96 1392 1393 0 
96 1393 1391 0 
1392 230 1390 0 
1392 1390 1393 0 
1391 1393 1390 0 
1391 1390 427 0 
229 1410 1423 0 
229 1423 1409 0 
1410 97 1424 0 
1410 1424 1423 0 
1409 1423 1422 0 
1409 1422 432 0 
1423 1424 231 0 
1423 231 1422 0 
52 1415 1416 0 
52 1416 1414 0 
1415 233 1413 0 
1415 1413 1416 0 
1414 1416 1413 0 
1414 1413 340 0 
232 1430 1449 0 
232 1449 1431 0 
1430 434 1447 0 
1430 1447 1449 0 
1431 1449 1448 0 
1431 1448 98 0 
1449 1447 234 0 
1449 234 1448 0 
98 1439 1440 0 
98 1440 1438 0 
1439 236 1437 0 
1439 1437 1440 0 
1438 1440 1437 0 
1438 1437 433 0 
235 1451 1469 0 
235 1469 1452 0 
1451 437 1467 0 
1451 1467 1469 0 
1452 1469 1468 0 
1452 1468 100 0 
1469 1467 237 0 
1469 237 1468 0 
235 1454 1819 0 
235 1819 1453 0 
1454 99 1820 0 
1454 1820 1819 0 
1453 1819 1818 0 
1453 1818 438 0 
1819 1820 282 0 
1819 282 1818 0 
100 1459 1460 0 
100 1460 1458 0 
1459 239 1457 0 
1459 1457 1460 0 
1458 1460 1457 0 
1458 1457 435 0 
238 1471 1493 0 
238 1493 1472 0 
1471 441 1491 0 
1471 1491 1493 0 
1472 1493 1492 0 
1472 1492 102 0 
1493 1491 240 0 
1493 240 1492 0 
238 1474 1943 0 
238 1943 1473 0 
1474 101 1944 0 
1474 1944 1943 0 
1473 1943 1942 0 
1473 1942 442 0 
1943 1944 297 0 
1943 297 1942 0 
102 1480 1481 0 
102 1481 1479 0 
1480 242 1478 0 
1480 1478 1481 0 
1479 1481 1478 0 
1479 1478 439 0 
55 1507 1508 0 
55 1508 1506 0 
1507 245 1505 0 
1507 1505 1508 0 
1506 1508 1505 0 
1506 1505 344 0 
244 1519 1539 0 
244 1539 1520 0 
1519 445 1537 0 
1519 1537 1539 0 
1520 1539 1538 0 
1520 1538 104 0 
1539 1537 246 0 
1539 246 1538 0 
244 1522 1677 0 
244 1677 1521 0 
1522 103 1678 0 
1522 1678 1677 0 
1521 1677 1676 0 
1521 1676 446 0 
1677 1678 264 0 
1677 264 1676 0 
104 1527 1528 0 
104 1528 1526 0 
1527 248 1525 0 
1527 1525 1528 0 
1526 1528 1525 0 
1526 1525 443 0 
247 1542 1563 0 
247 1563 1543 0 
1542 448 1561 0 
1542 1561 1563 0 
1543 1563 1562 0 
1543 1562 105 0 
1563 1561 249 0 
1563 249 1562 0 
105 1551 1552 0 
105 1552 1550 0 
1551 251 1549 0 
1551 1549 1552 0 
1550 1552 1549 0 
1550 1549 447 0 
250 1566 1587 0 
250 1587 1567 0 
1566 450 1585 0 
1566 1585 1587 0 
1567 1587 1586 0 
1567 1586 106 0 
1587 1585 252 0 
1587 252 1586 0 
106 1576 1577 0 
106 1577 1575 0 
1576 254 1574 0 
1576 1574 1577 0 
1575 1577 1574 0 
1575 1574 449 0 
253 1594 1895 0 
253 1895 1593 0 
1594 107 1896 0 
1594 1896 1895 0 
1593 1895 1894 0 
1593 1894 452 0 
1895 1896 291 0 
1895 291 1894 0 
58 1599 1600 0 
58 1600 1598 0 
1599 257 1597 0 
1599 1597 1600 0 
1598 1600 1597 0 
1598 1597 350 0 
256 1611 1631 0 
256 1631 1612 0 
1611 455 1629 0 
1611 1629 1631 0 
1612 1631 1630 0 
1612 1630 109 0 
1631 1629 258 0 
1631 258 1630 0 
256 1614 1773 0 
256 1773 1613 0 
1614 108 1774 0 
1614 1774 1773 0 
1613 1773 1772 0 
1613 1772 456 0 
1773 1774 276 0 
1773 276 1772 0 
109 1619 1620 0 
109 1620 1618 0 
1619 260 1617 0 
1619 1617 1620 0 
1618 1620 1617 0 
1618 1617 453 0 
259 1634 1655 0 
259 1655 1635 0 
1634 458 1653 0 
1634 1653 1655 0 
1635 1655 1654 0 
1635 1654 110 0 
1655 1653 261 0 
1655 261 1654 0 
110 1643 1644 0 
110 1644 1642 0 
1643 263 1641 0 
1643 1641 1644 0 
1642 1644 1641 0 
1642 1641 457 0 
262 1658 1681 0 
262 1681 1659 0 
1658 460 1679 0 
1658 1679 1681 0 
1659 1681 1680 0 
1659 1680 111 0 
1681 1679 264 0 
1681 264 1680 0 
111 1668 1669 0 
111 1669 1667 0 
1668 266 1666 0 
1668 1666 1669 0 
1667 1669 1666 0 
1667 1666 459 0 
61 1695 1696 0 
61 1696 1694 0 
1695 269 1693 0 
1695 1693 1696 0 
1694 1696 1693 0 
1694 1693 356 0 
268 1707 1727 0 
268 1727 1708 0 
1707 463 1725 0 
1707 1725 1727 0 
1708 1727 1726 0 
1708 1726 113 0 
1727 1725 270 0 
1727 270 1726 0 
268 1710 1869 0 
268 1869 1709 0 
1710 112 1870 0 
1710 1870 1869 0 
1709 1869 1868 0 
1709 1868 464 0 
1869 1870 288 0 
1869 288 1868 0 
113 1715 1716 0 
113 1716 1714 0 
1715 272 1713 0 
1715 1713 1716 0 
1714 1716 1713 0 
1714 1713 461 0 
271 1730 1751 0 
271 1751 1731 0 
1730 466 1749 0 
1730 1749 1751 0 
1731 1751 1750 0 
1731 1750 114 0 
1751 1749 273 0 
1751 273 1750 0 
114 1739 1740 0 
114 1740 1738 0 
1739 275 1737 0 
1739 1737 1740 0 
1738 1740 1737 0 
1738 1737 465 0 
274 1754 1777 0 
274 1777 1755 0 
1754 468 1775 0 
1754 1775 1777 0 
1755 1777 1776 0 
1755 1776 115 0 
1777 1775 276 0 
1777 276 1776 0 
115 1764 1765 0 
115 1765 1763 0 
1764 278 1762 0 
1764 1762 1765 0 
1763 1765 1762 0 
1763 1762 467 0 
64 1791 1792 0 
64 1792 1790 0 
1791 281 1789 0 
1791 1789 1792 0 
1790 1792 1789 0 
1790 1789 362 0 
280 1803 1823 0 
280 1823 1804 0 
1803 471 1821 0 
1803 1821 1823 0 
1804 1823 1822 0 
1804 1822 117 0 
1823 1821 282 0 
1823 282 1822 0 
280 1806 1969 0 
280 1969 1805 0 
1806 116 1970 0 
1806 1970 1969 0 
1805 1969 1968 0 
1805 1968 472 0 
1969 1970 300 0 
1969 300 1968 0 
117 1811 1812 0 
117 1812 1810 0 
1811 284 1809 0 
1811 1809 1812 0 
1810 1812 1809 0 
1810 1809 469 0 
283 1826 1847 0 
283 1847 1827 0 
1826 474 1845 0 
1826 1845 1847 0 
1827 1847 1846 0 
1827 1846 118 0 
1847 1845 285 0 
1847 285 1846 0 
118 1835 1836 0 
118 1836 1834 0 
1835 287 1833 0 
1835 1833 1836 0 
1834 1836 1833 0 
1834 1833 473 0 
286 1850 1873 0 
286 1873 1851 0 
1850 476 1871 0 
1850 1871 1873 0 
1851 1873 1872 0 
1851 1872 119 0 
1873 1871 288 0 
1873 288 1872 0 
119 1860 1861 0 
119 1861 1859 0 
1860 290 1858 0 
1860 1858 1861 0 
1859 1861 1858 0 
1859 1858 475 0 
66 1887 1888 0 
66 1888 1886 0 
1887 293 1885 0 
1887 1885 1888 0 
1886 1888 1885 0 
1886 1885 368 0 
292 1902 1923 0 
292 1923 1903 0 
1902 478 1921 0 
1902 1921 1923 0 
1903 1923 1922 0 
1903 1922 120 0 
1923 1921 294 0 
1923 294 1922 0 
120 1911 1912 0 
120 1912 1910 0 
1911 296 1909 0 
1911 1909 1912 0 
1910 1912 1909 0 
1910 1909 477 0 
295 1926 1947 0 
295 1947 1927 0 
1926 480 1945 0 
1926 1945 1947 0 
1927 1947 1946 0 
1927 1946 121 0 
1947 1945 297 0 
1947 297 1946 0 
121 1935 1936 0 
121 1936 1934 0 
1935 299 1933 0 
1935 1933 1936 0 
1934 1936 1933 0 
1934 1933 479 0 
298 1950 1973 0 
298 1973 1951 0 
1950 482 1971 0 
1950 1971 1973 0 
1951 1973 1972 0 
1951 1972 122 0 
1973 1971 300 0 
1973 300 1972 0 
122 1960 1961 0 
122 1961 1959 0 
1960 302 1958 0 
1960 1958 1961 0 
1959 1961 1958 0 
1959 1958 481 0 

End
